problem,D,P,algorithm,task,term,true_value,estimated,rel_error_pct,variance,pip,is_true_term
Heat,6,6,SINDy,Drift,u_xx,1.0,1.009129,0.9,,,True
Heat,6,6,VB_Alg2,Drift,1,,-0.000761,,7.425070920626385e-06,1.0,False
Heat,6,6,VB_Alg2,Drift,u_xx,1.0,1.00912,0.9,0.00019884080116033953,1.0,True
Heat,6,6,VB_Alg1,Drift,1,,-0.032995,,0.0010736837816834397,1.0,False
Heat,6,6,VB_Alg1,Drift,u,,-0.126851,,0.022843622369551293,1.0,False
Heat,6,6,VB_Alg1,Drift,u^2,,0.653698,,0.176266888079596,1.0,False
Heat,6,6,VB_Alg1,Drift,u^3,,0.828306,,0.5343656723070073,1.0,False
Heat,6,6,VB_Alg1,Drift,u^4,,-1.57668,,1.2404421928550655,1.0,False
Heat,6,6,VB_Alg1,Drift,u^5,,-0.97304,,0.8942466907431826,1.0,False
Heat,6,6,VB_Alg1,Drift,u^6,,0.992664,,0.712081465070073,1.0,False
Heat,6,6,VB_Alg1,Drift,uu_x,,-0.183142,,0.06523948418321457,0.9999999999909923,False
Heat,6,6,VB_Alg1,Drift,u^3u_x,,0.618539,,1.6177268038236365,1.0,False
Heat,6,6,VB_Alg1,Drift,u^4u_x,,1.070285,,0.18090395349411145,1.0,False
Heat,6,6,VB_Alg1,Drift,u^5u_x,,-1.126025,,1.1147105440740546,1.0,False
Heat,6,6,VB_Alg1,Drift,u_xx,1.0,0.964796,-3.5,0.0011207777206126703,1.0,True
Heat,6,6,VB_Alg1,Drift,uu_xx,,0.161979,,0.12355264453760967,1.0,False
Heat,6,6,VB_Alg1,Drift,u^2u_xx,,0.831254,,0.5725742127717098,1.0,False
Heat,6,6,VB_Alg1,Drift,u^3u_xx,,-1.170693,,2.43854410441056,1.0,False
Heat,6,6,VB_Alg1,Drift,u^4u_xx,,-1.634543,,2.371128339467759,1.0,False
Heat,6,6,VB_Alg1,Drift,u^5u_xx,,0.793107,,1.9007542483786872,1.0,False
Heat,6,6,VB_Alg1,Drift,u^6u_xx,,0.618264,,0.6388927378999907,1.0,False
Heat,6,6,VB_Alg1,Drift,u^2u_xxx,,0.385595,,0.028433801625534445,1.0,False
Heat,6,6,VB_Alg1,Drift,u^3u_xxx,,-0.178852,,0.1561592266238409,1.0,False
Heat,6,6,VB_Alg1,Drift,u^5u_xxx,,-0.30364,,0.15166126505963717,1.0,False
Heat,6,6,VB_Alg1,Drift,u^6u_xxx,,0.16837,,0.028496939043813334,1.0,False
Heat,6,6,VB_Alg1,Drift,uu_xxxx,,0.028384,,0.002005437403177457,1.0,False
Heat,6,6,VB_Alg1,Drift,u^2u_xxxx,,0.063293,,0.008007339007134198,1.0,False
Heat,6,6,VB_Alg1,Drift,u^3u_xxxx,,-0.163403,,0.029730974303048014,1.0,False
Heat,6,6,VB_Alg1,Drift,u^4u_xxxx,,-0.1188,,0.03571483104050689,1.0,False
Heat,6,6,VB_Alg1,Drift,u^5u_xxxx,,0.124029,,0.018579850548668845,1.0,False
Heat,6,6,VB_Alg1,Drift,u^6u_xxxx,,0.036008,,0.009023118972483668,1.0,False
Heat,6,6,VB_Alg1,Drift,u^2u_xxxxx,,0.011794,,7.009920438588939e-05,0.9999999999993958,False
Heat,6,6,VB_Alg1,Drift,u^3u_xxxxx,,0.000455,,0.00021104559972835987,0.999999999993771,False
Heat,6,6,VB_Alg1,Drift,u^4u_xxxxx,,-0.010081,,0.00013352376327918346,1.0,False
Heat,6,6,VB_Alg1,Drift,u^5u_xxxxx,,-0.0171,,0.00019858474483719766,1.0,False
Heat,6,6,VB_Alg1,Drift,u^6u_xxxxx,,0.011797,,5.8092492383750626e-05,1.0,False
Heat,6,6,VB_Alg1,Drift,uu_xxxxxx,,0.000591,,1.162062378468095e-06,1.0,False
Heat,6,6,VB_Alg1,Drift,u^2u_xxxxxx,,0.001155,,4.448441802051363e-06,1.0,False
Heat,6,6,VB_Alg1,Drift,u^3u_xxxxxx,,-0.003183,,1.5575762999654254e-05,1.0,False
Heat,6,6,VB_Alg1,Drift,u^4u_xxxxxx,,-0.002082,,1.9158660826828353e-05,1.0,False
Heat,6,6,VB_Alg1,Drift,u^5u_xxxxxx,,0.002707,,8.554991095264084e-06,1.0,False
Heat,6,6,VB_Alg1,Drift,u^6u_xxxxxx,,0.000427,,4.651235891966223e-06,1.0,False
Heat,6,6,SINDy,Diffusion,1,1.0,0.97866,-2.1,,,True
Heat,6,6,VB_Alg2,Diffusion,1,1.0,0.968516,-3.1,1.4969059618724744e-06,1.0,True
Heat,6,6,VB_Alg2,Diffusion,uu_xxxx,,0.001013,,1.4621363287548901e-08,1.0,False
Heat,6,6,VB_Alg1,Diffusion,1,1.0,0.968397,-3.2,4.3078712077945475e-06,1.0,True
Heat,6,6,VB_Alg1,Diffusion,u,,0.003258,,0.00012360136649282495,1.0,False
Heat,6,6,VB_Alg1,Diffusion,u^2,,-0.019979,,0.000722860245352248,1.0,False
Heat,6,6,VB_Alg1,Diffusion,u^3,,0.015703,,0.0033172368616967694,1.0,False
Heat,6,6,VB_Alg1,Diffusion,u^4,,-0.027558,,0.00553163742771132,1.0,False
Heat,6,6,VB_Alg1,Diffusion,u^5,,-0.018221,,0.004524012901731047,1.0,False
Heat,6,6,VB_Alg1,Diffusion,u^6,,0.064978,,0.0033236723273603395,1.0,False
Heat,6,6,VB_Alg1,Diffusion,uu_x,,0.012905,,0.000620189930330633,1.0,False
Heat,6,6,VB_Alg1,Diffusion,u^2u_x,,0.009076,,0.0015859550001260298,1.0,False
Heat,6,6,VB_Alg1,Diffusion,u^3u_x,,-0.033767,,0.014208962878431385,1.0,False
Heat,6,6,VB_Alg1,Diffusion,u^4u_x,,-0.052631,,0.017103181971407845,1.0,False
Heat,6,6,VB_Alg1,Diffusion,u^5u_x,,0.085132,,0.01280758873329987,1.0,False
Heat,6,6,VB_Alg1,Diffusion,u^6u_x,,-0.010422,,0.009563342424956213,1.0,False
Heat,6,6,VB_Alg1,Diffusion,u_xx,,0.000796,,1.9399137701212475e-05,0.9999161566888183,False
Heat,6,6,VB_Alg1,Diffusion,uu_xx,,-0.001637,,0.000508608135300583,1.0,False
Heat,6,6,VB_Alg1,Diffusion,u^2u_xx,,-0.000985,,0.005051188619596905,1.0,False
Heat,6,6,VB_Alg1,Diffusion,u^3u_xx,,-0.04702,,0.010403052042755146,1.0,False
Heat,6,6,VB_Alg1,Diffusion,u^4u_xx,,0.007152,,0.014431695452680578,1.0,False
Heat,6,6,VB_Alg1,Diffusion,u^5u_xx,,0.043942,,0.007998313542673555,1.0,False
Heat,6,6,VB_Alg1,Diffusion,u^6u_xx,,0.01224,,0.0028744431324593213,1.0,False
Heat,6,6,VB_Alg1,Diffusion,uu_xxx,,0.018667,,0.0002863333520723072,1.0,False
Heat,6,6,VB_Alg1,Diffusion,u^2u_xxx,,-0.010838,,0.0007176619375420186,1.0,False
Heat,6,6,VB_Alg1,Diffusion,u^3u_xxx,,-0.013907,,0.0030720864074086063,1.0,False
Heat,6,6,VB_Alg1,Diffusion,u^4u_xxx,,0.005098,,0.00354874919784017,1.0,False
Heat,6,6,VB_Alg1,Diffusion,u^5u_xxx,,0.02119,,0.0014483472844618085,1.0,False
Heat,6,6,VB_Alg1,Diffusion,u^6u_xxx,,-0.008212,,0.0009339896835751098,1.0,False
Heat,6,6,VB_Alg1,Diffusion,u_xxxx,,0.000246,,5.764298609626054e-07,1.0,False
Heat,6,6,VB_Alg1,Diffusion,uu_xxxx,,0.005824,,8.176188388909183e-06,1.0,False
Heat,6,6,VB_Alg1,Diffusion,u^2u_xxxx,,-0.001671,,6.611225259076706e-05,1.0,False
Heat,6,6,VB_Alg1,Diffusion,u^3u_xxxx,,-0.010724,,0.00012293619392783197,1.0,False
Heat,6,6,VB_Alg1,Diffusion,u^4u_xxxx,,0.005321,,0.0002042372326430926,1.0,False
Heat,6,6,VB_Alg1,Diffusion,u^5u_xxxx,,0.005499,,7.660119683665625e-05,1.0,False
Heat,6,6,VB_Alg1,Diffusion,u^6u_xxxx,,-0.001053,,4.124518886681623e-05,1.0,False
Heat,6,6,VB_Alg1,Diffusion,uu_xxxxx,,0.000993,,3.706492652624362e-07,1.0,False
Heat,6,6,VB_Alg1,Diffusion,u^2u_xxxxx,,-0.000732,,9.6241527762772e-07,1.0,False
Heat,6,6,VB_Alg1,Diffusion,u^3u_xxxxx,,-0.001205,,3.959579607266913e-06,1.0,False
Heat,6,6,VB_Alg1,Diffusion,u^4u_xxxxx,,0.001094,,4.550875115758556e-06,1.0,False
Heat,6,6,VB_Alg1,Diffusion,u^5u_xxxxx,,0.000785,,1.7731624912121964e-06,1.0,False
Heat,6,6,VB_Alg1,Diffusion,u^6u_xxxxx,,-0.00051,,1.105969633107618e-06,1.0,False
Heat,6,6,VB_Alg1,Diffusion,u_xxxxxx,,5e-06,,3.628779859611806e-10,1.0,False
Heat,6,6,VB_Alg1,Diffusion,uu_xxxxxx,,0.000155,,4.720712190642026e-09,1.0,False
Heat,6,6,VB_Alg1,Diffusion,u^2u_xxxxxx,,-3.4e-05,,3.371054731818909e-08,1.0,False
Heat,6,6,VB_Alg1,Diffusion,u^3u_xxxxxx,,-0.000308,,6.371530511513105e-08,1.0,False
Heat,6,6,VB_Alg1,Diffusion,u^4u_xxxxxx,,0.000133,,1.0432669866687989e-07,1.0,False
Heat,6,6,VB_Alg1,Diffusion,u^5u_xxxxxx,,0.000147,,3.498893597465129e-08,1.0,False
Heat,6,6,VB_Alg1,Diffusion,u^6u_xxxxxx,,-3.9e-05,,2.1082259541854378e-08,1.0,False
Heat,3,6,SINDy,Drift,u_xx,1.0,1.009129,0.9,,,True
Heat,3,6,VB_Alg1,Drift,1,,-0.02444,,0.0009471272393309508,1.0,False
Heat,3,6,VB_Alg1,Drift,u,,-0.059416,,0.02028689778937085,1.0,False
Heat,3,6,VB_Alg1,Drift,u^2,,0.395265,,0.1135071236294363,1.0,False
Heat,3,6,VB_Alg1,Drift,u^3,,0.376414,,0.27907826092706267,1.0,False
Heat,3,6,VB_Alg1,Drift,u^4,,-0.309778,,0.3707023227416293,1.0,False
Heat,3,6,VB_Alg1,Drift,u^5,,-0.703695,,0.35933209586860404,1.0,False
Heat,3,6,VB_Alg1,Drift,u^6,,0.248638,,0.16543055990252778,1.0,False
Heat,3,6,VB_Alg1,Drift,u_xx,1.0,0.991436,-0.9,0.0005333675749880808,1.0,True
Heat,3,6,VB_Alg1,Drift,uu_xx,,-0.081679,,0.0064363382141832265,1.0,False
Heat,3,6,VB_Alg1,Drift,u^2u_xx,,0.152367,,0.04392566596327499,1.0,False
Heat,3,6,VB_Alg1,Drift,u^3u_xx,,0.457914,,0.09260571038245087,1.0,False
Heat,3,6,VB_Alg1,Drift,u^4u_xx,,-0.311649,,0.12041811244731257,1.0,False
Heat,3,6,VB_Alg1,Drift,u^5u_xx,,-0.197164,,0.06705335174564019,1.0,False
Heat,3,6,VB_Alg1,Drift,u^6u_xx,,0.047654,,0.029026877810436582,1.0,False
Heat,3,6,VB_Alg1,Drift,u^3u_xxx,,-0.176075,,0.015794199728051513,0.9999637274749577,False
Heat,3,6,VB_Alg1,Drift,u^4u_xxx,,0.233147,,0.013942459879484318,0.9999999795045296,False
Heat,3,6,VB_Alg1,Drift,u^5u_xxx,,0.155862,,0.017841771766893687,0.9999994822999627,False
Heat,3,6,VB_Alg1,Drift,u^6u_xxx,,-0.11826,,0.009381547069272682,0.9999985585072051,False
Heat,3,6,SINDy,Diffusion,1,1.0,0.97866,-2.1,,,True
Heat,3,6,VB_Alg1,Diffusion,1,1.0,0.967704,-3.2,3.825469397736789e-06,1.0,True
Heat,3,6,VB_Alg1,Diffusion,u,,-0.000685,,7.07555983704002e-05,1.0,False
Heat,3,6,VB_Alg1,Diffusion,u^2,,-0.004032,,0.00046196191850740565,1.0,False
Heat,3,6,VB_Alg1,Diffusion,u^3,,0.053996,,0.0010967070885499705,1.0,False
Heat,3,6,VB_Alg1,Diffusion,u^4,,-0.075582,,0.0014682185688668634,1.0,False
Heat,3,6,VB_Alg1,Diffusion,u^5,,-0.062705,,0.0014526992479443445,1.0,False
Heat,3,6,VB_Alg1,Diffusion,u^6,,0.080725,,0.0006404836305565535,1.0,False
Heat,3,6,VB_Alg1,Diffusion,uu_x,,-0.0114,,0.00033302726132045937,0.9999999999999285,False
Heat,3,6,VB_Alg1,Diffusion,u^2u_x,,0.026903,,0.0008200619960462454,1.0,False
Heat,3,6,VB_Alg1,Diffusion,u^3u_x,,-0.033585,,0.008806586587428755,1.0,False
Heat,3,6,VB_Alg1,Diffusion,u^4u_x,,-0.026019,,0.010019805901951711,1.0,False
Heat,3,6,VB_Alg1,Diffusion,u^5u_x,,0.107415,,0.00866029384272972,1.0,False
Heat,3,6,VB_Alg1,Diffusion,u^6u_x,,-0.045275,,0.0060802417433413495,1.0,False
Heat,3,6,VB_Alg1,Diffusion,uu_xx,,-0.025589,,2.589279428579436e-05,1.0,False
Heat,3,6,VB_Alg1,Diffusion,u^2u_xx,,0.01495,,0.00013479508869680814,1.0,False
Heat,3,6,VB_Alg1,Diffusion,u^3u_xx,,-0.017964,,0.0003695838425317268,1.0,False
Heat,3,6,VB_Alg1,Diffusion,u^4u_xx,,-0.023005,,0.00042775628057800094,1.0,False
Heat,3,6,VB_Alg1,Diffusion,u^5u_xx,,0.018505,,0.0002688536959522007,1.0,False
Heat,3,6,VB_Alg1,Diffusion,u^6u_xx,,0.0067,,0.00011480527904947157,1.0,False
Heat,3,6,VB_Alg1,Diffusion,uu_xxx,,-0.007695,,3.863414082874995e-05,0.9999992849256634,False
Heat,3,6,VB_Alg1,Diffusion,u^2u_xxx,,0.007485,,0.00010966526192028856,0.9999947232422924,False
Heat,3,6,VB_Alg1,Diffusion,u^3u_xxx,,0.017915,,0.0004053907967546596,1.0,False
Heat,3,6,VB_Alg1,Diffusion,u^4u_xxx,,-0.020764,,0.0004815111502418549,1.0,False
Heat,3,6,VB_Alg1,Diffusion,u^5u_xxx,,0.001618,,0.000181912459555248,0.9999998996396834,False
Heat,3,6,VB_Alg1,Diffusion,u^6u_xxx,,0.003715,,0.00011622530231948083,0.9999999977613523,False
Heat,6,3,SINDy,Drift,u_xx,1.0,1.009129,0.9,,,True
Heat,6,3,VB_Alg1,Drift,1,,-0.000373,,0.0007177633943390889,1.0,False
Heat,6,3,VB_Alg1,Drift,u,,-0.090627,,0.005396506052280054,1.0,False
Heat,6,3,VB_Alg1,Drift,u^2,,0.090492,,0.0182652293284095,1.0,False
Heat,6,3,VB_Alg1,Drift,u^3,,0.07009,,0.032739907557915185,1.0,False
Heat,6,3,VB_Alg1,Drift,uu_x,,-0.179584,,0.009630806322961124,0.9998685377794074,False
Heat,6,3,VB_Alg1,Drift,u^2u_x,,0.472629,,0.032533434313099206,0.9999999999999416,False
Heat,6,3,VB_Alg1,Drift,u_xx,1.0,1.028466,2.8,0.001530775465012262,1.0,True
Heat,6,3,VB_Alg1,Drift,u^2u_xx,,-0.202998,,0.10374636151213301,1.0,False
Heat,6,3,VB_Alg1,Drift,u^3u_xx,,0.110061,,0.046091508700485395,1.0,False
Heat,6,3,VB_Alg1,Drift,u^2u_xxx,,0.436994,,0.024585670256484258,1.0,False
Heat,6,3,VB_Alg1,Drift,u^3u_xxx,,-0.335888,,0.02537366021233965,0.9999999999999998,False
Heat,6,3,VB_Alg1,Drift,u_xxxx,,0.007957,,8.31349281130437e-05,1.0,False
Heat,6,3,VB_Alg1,Drift,uu_xxxx,,0.002932,,0.00025850227385163427,1.0,False
Heat,6,3,VB_Alg1,Drift,u^2u_xxxx,,-0.033052,,0.0013751603469163009,1.0,False
Heat,6,3,VB_Alg1,Drift,u^3u_xxxx,,0.025338,,0.001213978392951191,1.0,False
Heat,6,3,VB_Alg1,Drift,u^2u_xxxxx,,0.010765,,3.355530133816254e-05,0.9999999953029459,False
Heat,6,3,VB_Alg1,Drift,u^3u_xxxxx,,-0.011838,,3.5928045698935805e-05,0.9999999992122686,False
Heat,6,3,VB_Alg1,Drift,u_xxxxxx,,0.000162,,5.648933876143794e-08,0.9999999999999998,False
Heat,6,3,VB_Alg1,Drift,uu_xxxxxx,,0.000102,,2.469812115821872e-07,1.0,False
Heat,6,3,VB_Alg1,Drift,u^2u_xxxxxx,,-0.000822,,7.676531473080669e-07,1.0,False
Heat,6,3,VB_Alg1,Drift,u^3u_xxxxxx,,0.000746,,8.354153837413272e-07,1.0,False
Heat,6,3,SINDy,Diffusion,1,1.0,0.97866,-2.1,,,True
Heat,6,3,VB_Alg1,Diffusion,1,1.0,0.967155,-3.3,2.880698793958401e-06,1.0,True
Heat,6,3,VB_Alg1,Diffusion,u,,0.002533,,2.066624514573694e-05,1.0,False
Heat,6,3,VB_Alg1,Diffusion,u^2,,-0.006441,,8.264891320556573e-05,1.0,False
Heat,6,3,VB_Alg1,Diffusion,u^3,,0.008935,,8.604546947704454e-05,1.0,False
Heat,6,3,VB_Alg1,Diffusion,uu_x,,0.007569,,0.0001954655640719541,0.9999997161618526,False
Heat,6,3,VB_Alg1,Diffusion,u^2u_x,,-0.01923,,0.0001862375634254972,0.9999997112404929,False
Heat,6,3,VB_Alg1,Diffusion,u^3u_x,,0.031571,,0.0007722793144830381,0.999999999999682,False
Heat,6,3,VB_Alg1,Diffusion,uu_xx,,-0.000778,,0.0001623589817149051,1.0,False
Heat,6,3,VB_Alg1,Diffusion,u^2u_xx,,0.003226,,0.00020292351342470494,1.0,False
Heat,6,3,VB_Alg1,Diffusion,u^3u_xx,,-0.012731,,0.0004084480517435127,1.0,False
Heat,6,3,VB_Alg1,Diffusion,uu_xxx,,0.017583,,0.00011804729695792493,1.0,False
Heat,6,3,VB_Alg1,Diffusion,u^2u_xxx,,-0.011428,,0.00010778631393024133,0.999999993737581,False
Heat,6,3,VB_Alg1,Diffusion,u^3u_xxx,,0.005503,,0.0003172310337827638,0.9999999996143574,False
Heat,6,3,VB_Alg1,Diffusion,u_xxxx,,0.00018,,2.0110488355832672e-07,0.9999999865759532,False
Heat,6,3,VB_Alg1,Diffusion,uu_xxxx,,0.004563,,3.3609240631216433e-06,1.0,False
Heat,6,3,VB_Alg1,Diffusion,u^2u_xxxx,,1.1e-05,,3.137413955127361e-06,1.0,False
Heat,6,3,VB_Alg1,Diffusion,u^3u_xxxx,,-0.003025,,9.086620806186168e-06,1.0,False
Heat,6,3,VB_Alg1,Diffusion,uu_xxxxx,,0.000821,,1.5308389665254973e-07,1.0,False
Heat,6,3,VB_Alg1,Diffusion,u^2u_xxxxx,,-0.000284,,1.4338476799132182e-07,0.9943331349267334,False
Heat,6,3,VB_Alg1,Diffusion,u^3u_xxxxx,,-0.000181,,4.0488321406495067e-07,0.9999923738888884,False
Heat,6,3,VB_Alg1,Diffusion,u_xxxxxx,,4e-06,,1.61730316240225e-10,0.9999999857777715,False
Heat,6,3,VB_Alg1,Diffusion,uu_xxxxxx,,0.000109,,2.0076040956823927e-09,1.0,False
Heat,6,3,VB_Alg1,Diffusion,u^2u_xxxxxx,,5e-06,,2.104886512228682e-09,1.0,False
Heat,6,3,VB_Alg1,Diffusion,u^3u_xxxxxx,,-7.9e-05,,5.297927219563607e-09,1.0,False
Heat,3,3,SINDy,Drift,u_xx,1.0,1.009129,0.9,,,True
Heat,3,3,VB_Alg2,Drift,1,,-0.000761,,7.425070921611896e-06,1.0,False
Heat,3,3,VB_Alg2,Drift,u_xx,1.0,1.00912,0.9,0.00019884080118673112,1.0,True
Heat,3,3,VB_Alg1,Drift,1,,-0.002533,,3.0383975794062123e-05,1.0,False
Heat,3,3,VB_Alg1,Drift,u,,-0.088264,,0.004001922608065436,1.0,False
Heat,3,3,VB_Alg1,Drift,u^2,,0.10769,,0.012397331868008414,1.0,False
Heat,3,3,VB_Alg1,Drift,u^3,,0.068391,,0.007021886644326292,0.9999999999994309,False
Heat,3,3,VB_Alg1,Drift,u_xx,1.0,0.995366,-0.5,0.0003883068522618078,1.0,True
Heat,3,3,VB_Alg1,Drift,u^2u_xx,,-0.033491,,0.0063034595314186695,1.0,False
Heat,3,3,VB_Alg1,Drift,u^3u_xx,,0.069311,,0.004494753402130091,1.0,False
Heat,3,3,SINDy,Diffusion,1,1.0,0.97866,-2.1,,,True
Heat,3,3,VB_Alg2,Diffusion,1,1.0,0.969478,-3.1,1.2711864223957023e-06,1.0,True
Heat,3,3,VB_Alg2,Diffusion,u^2,,-0.013574,,4.979186401633447e-06,1.0,False
Heat,3,3,VB_Alg2,Diffusion,u^3,,0.005484,,2.211304799625333e-06,0.9999999968813884,False
Heat,3,3,VB_Alg2,Diffusion,uu_xx,,-0.024171,,8.012839561620734e-06,1.0,False
Heat,3,3,VB_Alg1,Diffusion,1,1.0,0.968801,-3.1,2.4034114498816186e-06,1.0,True
Heat,3,3,VB_Alg1,Diffusion,u,,0.005152,,1.5474166287221854e-05,1.0,False
Heat,3,3,VB_Alg1,Diffusion,u^2,,-0.017487,,5.56385405667843e-05,1.0,False
Heat,3,3,VB_Alg1,Diffusion,u^3,,0.006705,,2.9000450866865137e-05,1.0,False
Heat,3,3,VB_Alg1,Diffusion,uu_x,,-0.009886,,6.547498710829585e-05,0.9998145453058711,False
Heat,3,3,VB_Alg1,Diffusion,u^3u_x,,0.023732,,0.00027199451515136206,0.9999931206684693,False
Heat,3,3,VB_Alg1,Diffusion,uu_xx,,-0.026072,,1.4359598574760298e-05,1.0,False
Heat,3,3,VB_Alg1,Diffusion,u^2u_xx,,0.005363,,2.3315407436222686e-05,1.0,False
Heat,3,3,VB_Alg1,Diffusion,u^3u_xx,,-0.001699,,2.6372024893135843e-05,1.0,False
Nagumo,6,6,SINDy,Drift,u,0.5,0.423771,-15.2,,,True
Nagumo,6,6,SINDy,Drift,u^3,-1.0,-0.759155,24.1,,,True
Nagumo,6,6,SINDy,Drift,u^4,,2.851034,,,,False
Nagumo,6,6,SINDy,Drift,u^6,,-2.70567,,,,False
Nagumo,6,6,SINDy,Drift,u^2u_x,,0.458365,,,,False
Nagumo,6,6,SINDy,Drift,u^4u_x,,-5.961223,,,,False
Nagumo,6,6,SINDy,Drift,u^5u_x,,-1.140678,,,,False
Nagumo,6,6,SINDy,Drift,u^6u_x,,8.193932,,,,False
Nagumo,6,6,SINDy,Drift,u_xx,1.0,0.966285,-3.4,,,True
Nagumo,6,6,SINDy,Drift,u^4u_xxx,,-0.416605,,,,False
Nagumo,6,6,SINDy,Drift,u^6u_xxx,,0.64142,,,,False
Nagumo,6,6,VB_Alg2,Drift,1,,-0.013522,,6.313102598427374e-05,1.0,False
Nagumo,6,6,VB_Alg2,Drift,u,0.5,0.348248,-30.4,0.0009628284591519541,1.0,True
Nagumo,6,6,VB_Alg2,Drift,u^2,0.5,0.590558,18.1,0.0022100608076365555,1.0,True
Nagumo,6,6,VB_Alg2,Drift,u^5,,-1.097786,,0.020105350581582804,1.0,False
Nagumo,6,6,VB_Alg2,Drift,u_xx,1.0,0.977431,-2.3,0.0003754937065118783,1.0,True
Nagumo,6,6,VB_Alg1,Drift,1,,0.010863,,0.0017365819065494274,1.0,False
Nagumo,6,6,VB_Alg1,Drift,u,0.5,0.612816,22.6,0.03788108116627684,1.0,True
Nagumo,6,6,VB_Alg1,Drift,u^2,0.5,0.5484,9.7,0.3771881102969951,1.0,True
Nagumo,6,6,VB_Alg1,Drift,u^3,-1.0,-1.552842,-55.3,1.6600668205037141,1.0,True
Nagumo,6,6,VB_Alg1,Drift,u^4,,1.080919,,5.383926197635833,1.0,False
Nagumo,6,6,VB_Alg1,Drift,u^5,,0.587131,,2.9678639452614695,1.0,False
Nagumo,6,6,VB_Alg1,Drift,u^6,,-1.969173,,5.134441444855893,1.0,False
Nagumo,6,6,VB_Alg1,Drift,u_x,,0.081478,,0.0036959149084209264,0.9999999999755398,False
Nagumo,6,6,VB_Alg1,Drift,u^2u_x,,-0.930221,,1.3084501518848677,1.0,False
Nagumo,6,6,VB_Alg1,Drift,u^4u_x,,0.750458,,12.018944172480456,1.0,False
Nagumo,6,6,VB_Alg1,Drift,u^6u_x,,0.583009,,8.343243682840793,0.9999993239609076,False
Nagumo,6,6,VB_Alg1,Drift,u_xx,1.0,0.968901,-3.1,0.0013054054884093932,1.0,True
Nagumo,6,6,VB_Alg1,Drift,uu_xx,,0.213187,,0.18795530292698082,1.0,False
Nagumo,6,6,VB_Alg1,Drift,u^2u_xx,,0.639482,,0.933291383070643,1.0,False
Nagumo,6,6,VB_Alg1,Drift,u^3u_xx,,0.049454,,4.904287012951913,1.0,False
Nagumo,6,6,VB_Alg1,Drift,u^4u_xx,,-2.289166,,7.896765774208288,1.0,False
Nagumo,6,6,VB_Alg1,Drift,u^5u_xx,,-0.469837,,5.76728522962082,1.0,False
Nagumo,6,6,VB_Alg1,Drift,u^6u_xx,,2.689894,,4.8348919326318605,1.0,False
Nagumo,6,6,VB_Alg1,Drift,u_xxx,,0.061241,,0.0006813287658135281,0.9999999993863837,False
Nagumo,6,6,VB_Alg1,Drift,uu_xxx,,-0.16864,,0.03304600125897252,0.9999999999996219,False
Nagumo,6,6,VB_Alg1,Drift,u^2u_xxx,,-0.606201,,0.27751512878559126,1.0,False
Nagumo,6,6,VB_Alg1,Drift,u^3u_xxx,,1.216369,,0.9944594301058403,1.0,False
Nagumo,6,6,VB_Alg1,Drift,u^4u_xxx,,1.193946,,2.805729743895999,1.0,False
Nagumo,6,6,VB_Alg1,Drift,u^5u_xxx,,-1.434586,,0.943099567318754,1.0,False
Nagumo,6,6,VB_Alg1,Drift,u^6u_xxx,,-1.001877,,1.3689564960950757,1.0,False
Nagumo,6,6,VB_Alg1,Drift,uu_xxxx,,0.038697,,0.002819424237535587,1.0,False
Nagumo,6,6,VB_Alg1,Drift,u^2u_xxxx,,0.00711,,0.013940710249007832,1.0,False
Nagumo,6,6,VB_Alg1,Drift,u^3u_xxxx,,-0.040946,,0.05670806897832005,1.0,False
Nagumo,6,6,VB_Alg1,Drift,u^4u_xxxx,,-0.014324,,0.11887453546211971,1.0,False
Nagumo,6,6,VB_Alg1,Drift,u^5u_xxxx,,0.040329,,0.054739149442608236,1.0,False
Nagumo,6,6,VB_Alg1,Drift,u^6u_xxxx,,0.115239,,0.06049125898921784,1.0,False
Nagumo,6,6,VB_Alg1,Drift,uu_xxxxx,,-0.009148,,5.6928391369940905e-05,0.9999999999978488,False
Nagumo,6,6,VB_Alg1,Drift,u^2u_xxxxx,,-0.005724,,0.00030759178429566895,0.9999999999932061,False
Nagumo,6,6,VB_Alg1,Drift,u^3u_xxxxx,,0.046386,,0.001475222669230898,1.0,False
Nagumo,6,6,VB_Alg1,Drift,u^4u_xxxxx,,0.025097,,0.003580817870683561,1.0,False
Nagumo,6,6,VB_Alg1,Drift,u^5u_xxxxx,,-0.049421,,0.0013299816951206113,1.0,False
Nagumo,6,6,VB_Alg1,Drift,u^6u_xxxxx,,-0.041164,,0.0017666800117801765,1.0,False
Nagumo,6,6,VB_Alg1,Drift,uu_xxxxxx,,0.001071,,1.5892085941178926e-06,1.0,False
Nagumo,6,6,VB_Alg1,Drift,u^2u_xxxxxx,,-0.000174,,8.106237235133214e-06,1.0,False
Nagumo,6,6,VB_Alg1,Drift,u^3u_xxxxxx,,-0.001331,,2.9576736563214635e-05,1.0,False
Nagumo,6,6,VB_Alg1,Drift,u^4u_xxxxxx,,0.001443,,6.608492707172681e-05,1.0,False
Nagumo,6,6,VB_Alg1,Drift,u^5u_xxxxxx,,0.001508,,2.5969348469194115e-05,1.0,False
Nagumo,6,6,VB_Alg1,Drift,u^6u_xxxxxx,,0.000657,,3.0436616330197383e-05,1.0,False
Nagumo,6,6,SINDy,Diffusion,1,1.0,0.978624,-2.1,,,True
Nagumo,6,6,VB_Alg2,Diffusion,1,1.0,0.96866,-3.1,1.603987255763199e-06,1.0,True
Nagumo,6,6,VB_Alg2,Diffusion,uu_xxxx,,0.000995,,1.5686854930401023e-08,1.0,False
Nagumo,6,6,VB_Alg1,Diffusion,1,1.0,0.96614,-3.4,7.029399355713903e-06,1.0,True
Nagumo,6,6,VB_Alg1,Diffusion,u,,-0.006255,,0.00017766279395518153,1.0,False
Nagumo,6,6,VB_Alg1,Diffusion,u^2,,-0.015501,,0.001525041153082749,1.0,False
Nagumo,6,6,VB_Alg1,Diffusion,u^3,,0.042178,,0.007650007315575161,1.0,False
Nagumo,6,6,VB_Alg1,Diffusion,u^4,,0.080935,,0.021869097524552225,1.0,False
Nagumo,6,6,VB_Alg1,Diffusion,u^5,,-0.032594,,0.012963677922700806,1.0,False
Nagumo,6,6,VB_Alg1,Diffusion,u^6,,0.03741,,0.020853588659765793,1.0,False
Nagumo,6,6,VB_Alg1,Diffusion,u_x,,0.006097,,2.5397121465345344e-05,1.0,False
Nagumo,6,6,VB_Alg1,Diffusion,uu_x,,0.008956,,0.0006627258568038406,0.9999999864825677,False
Nagumo,6,6,VB_Alg1,Diffusion,u^2u_x,,-0.034094,,0.006411233585152036,1.0,False
Nagumo,6,6,VB_Alg1,Diffusion,u^3u_x,,-0.016748,,0.025291605448341033,1.0,False
Nagumo,6,6,VB_Alg1,Diffusion,u^4u_x,,-0.02913,,0.048826230776803654,1.0,False
Nagumo,6,6,VB_Alg1,Diffusion,u^5u_x,,0.003224,,0.03874701916264195,0.9999999993168589,False
Nagumo,6,6,VB_Alg1,Diffusion,u^6u_x,,0.040995,,0.03917237588023969,0.9999999670651705,False
Nagumo,6,6,VB_Alg1,Diffusion,u_xx,,0.000893,,2.9915573738239187e-05,0.999999993563921,False
Nagumo,6,6,VB_Alg1,Diffusion,uu_xx,,-0.000641,,0.0008831297613815957,1.0,False
Nagumo,6,6,VB_Alg1,Diffusion,u^2u_xx,,-0.025255,,0.006203462359084794,1.0,False
Nagumo,6,6,VB_Alg1,Diffusion,u^3u_xx,,-0.040923,,0.02188798960082981,1.0,False
Nagumo,6,6,VB_Alg1,Diffusion,u^4u_xx,,0.08905,,0.03816353325423024,1.0,False
Nagumo,6,6,VB_Alg1,Diffusion,u^5u_xx,,0.079603,,0.024175123403201392,1.0,False
Nagumo,6,6,VB_Alg1,Diffusion,u^6u_xx,,-0.058613,,0.02020525397051441,1.0,False
Nagumo,6,6,VB_Alg1,Diffusion,u_xxx,,0.003889,,1.3064139719833817e-05,0.9999999999999996,False
Nagumo,6,6,VB_Alg1,Diffusion,uu_xxx,,-0.000453,,0.00022955803519797668,0.9999999999967288,False
Nagumo,6,6,VB_Alg1,Diffusion,u^2u_xxx,,-0.019513,,0.0023170809439466067,1.0,False
Nagumo,6,6,VB_Alg1,Diffusion,u^3u_xxx,,0.018964,,0.005579143104001202,1.0,False
Nagumo,6,6,VB_Alg1,Diffusion,u^4u_xxx,,0.007362,,0.014972164573551277,1.0,False
Nagumo,6,6,VB_Alg1,Diffusion,u^5u_xxx,,-0.020862,,0.004835581709957425,1.0,False
Nagumo,6,6,VB_Alg1,Diffusion,u^6u_xxx,,0.01365,,0.006176736117941173,1.0,False
Nagumo,6,6,VB_Alg1,Diffusion,u_xxxx,,0.000351,,7.050195408264868e-07,1.0,False
Nagumo,6,6,VB_Alg1,Diffusion,uu_xxxx,,0.003078,,1.2429002070039463e-05,1.0,False
Nagumo,6,6,VB_Alg1,Diffusion,u^2u_xxxx,,0.00422,,9.21263334931602e-05,1.0,False
Nagumo,6,6,VB_Alg1,Diffusion,u^3u_xxxx,,0.001907,,0.00024823960276879064,1.0,False
Nagumo,6,6,VB_Alg1,Diffusion,u^4u_xxxx,,-0.013821,,0.0005759324978815495,1.0,False
Nagumo,6,6,VB_Alg1,Diffusion,u^5u_xxxx,,-0.002114,,0.00022978297286484263,1.0,False
Nagumo,6,6,VB_Alg1,Diffusion,u^6u_xxxx,,0.008959,,0.0002598538977867837,1.0,False
Nagumo,6,6,VB_Alg1,Diffusion,u_xxxxx,,0.000123,,1.9661468896914278e-08,0.9997719170412479,False
Nagumo,6,6,VB_Alg1,Diffusion,uu_xxxxx,,-0.00012,,3.3199354453326583e-07,0.9999997692878989,False
Nagumo,6,6,VB_Alg1,Diffusion,u^2u_xxxxx,,-0.00085,,3.2953170188856222e-06,1.0,False
Nagumo,6,6,VB_Alg1,Diffusion,u^3u_xxxxx,,0.001132,,7.477035785762431e-06,1.0,False
Nagumo,6,6,VB_Alg1,Diffusion,u^4u_xxxxx,,0.000171,,2.1071139716711567e-05,1.0,False
Nagumo,6,6,VB_Alg1,Diffusion,u^5u_xxxxx,,-0.001336,,6.235076219238516e-06,1.0,False
Nagumo,6,6,VB_Alg1,Diffusion,u^6u_xxxxx,,0.001021,,8.402196828813926e-06,1.0,False
Nagumo,6,6,VB_Alg1,Diffusion,u_xxxxxx,,6e-06,,4.343700081669134e-10,1.0,False
Nagumo,6,6,VB_Alg1,Diffusion,uu_xxxxxx,,5.7e-05,,6.796964823979961e-09,1.0,False
Nagumo,6,6,VB_Alg1,Diffusion,u^2u_xxxxxx,,0.000145,,5.364619240106633e-08,1.0,False
Nagumo,6,6,VB_Alg1,Diffusion,u^3u_xxxxxx,,0.000112,,1.266734678807971e-07,1.0,False
Nagumo,6,6,VB_Alg1,Diffusion,u^4u_xxxxxx,,-0.00047,,3.269136569228764e-07,1.0,False
Nagumo,6,6,VB_Alg1,Diffusion,u^5u_xxxxxx,,-0.000113,,1.083907135481733e-07,1.0,False
Nagumo,6,6,VB_Alg1,Diffusion,u^6u_xxxxxx,,0.000303,,1.342194376896878e-07,1.0,False
Nagumo,3,6,SINDy,Drift,u,0.5,0.422106,-15.6,,,True
Nagumo,3,6,SINDy,Drift,u^3,-1.0,-0.757585,24.2,,,True
Nagumo,3,6,SINDy,Drift,u^4,,2.847501,,,,False
Nagumo,3,6,SINDy,Drift,u^6,,-2.702505,,,,False
Nagumo,3,6,SINDy,Drift,u^3u_x,,-0.517419,,,,False
Nagumo,3,6,SINDy,Drift,u^4u_x,,-3.308656,,,,False
Nagumo,3,6,SINDy,Drift,u^6u_x,,5.553118,,,,False
Nagumo,3,6,SINDy,Drift,u_xx,1.0,0.964289,-3.6,,,True
Nagumo,3,6,SINDy,Drift,u^4u_xxx,,-0.365272,,,,False
Nagumo,3,6,SINDy,Drift,u^6u_xxx,,0.57573,,,,False
Nagumo,3,6,VB_Alg1,Drift,1,,0.007183,,0.0014528651886210097,1.0,False
Nagumo,3,6,VB_Alg1,Drift,u,0.5,0.583078,16.6,0.03518579265541435,1.0,True
Nagumo,3,6,VB_Alg1,Drift,u^2,0.5,0.437337,-12.5,0.2427833970253302,1.0,True
Nagumo,3,6,VB_Alg1,Drift,u^3,-1.0,-1.253013,-25.3,1.181561939135572,1.0,True
Nagumo,3,6,VB_Alg1,Drift,u^4,,1.060317,,3.4631242445004076,1.0,False
Nagumo,3,6,VB_Alg1,Drift,u^5,,-0.266956,,1.6897194415451915,1.0,False
Nagumo,3,6,VB_Alg1,Drift,u^6,,-1.630494,,3.3879328362560894,1.0,False
Nagumo,3,6,VB_Alg1,Drift,u_x,,0.08311,,0.002508080223749823,0.9999999997097033,False
Nagumo,3,6,VB_Alg1,Drift,u^2u_x,,-0.955556,,0.3089313347704336,1.0,False
Nagumo,3,6,VB_Alg1,Drift,u^6u_x,,2.009098,,1.8954331772238777,0.9998308534297312,False
Nagumo,3,6,VB_Alg1,Drift,u_xx,1.0,0.971467,-2.9,0.0007208404763923538,1.0,True
Nagumo,3,6,VB_Alg1,Drift,uu_xx,,0.055742,,0.011594388913965427,1.0,False
Nagumo,3,6,VB_Alg1,Drift,u^2u_xx,,0.320291,,0.08776877629637185,1.0,False
Nagumo,3,6,VB_Alg1,Drift,u^3u_xx,,-0.016531,,0.26042133749225566,1.0,False
Nagumo,3,6,VB_Alg1,Drift,u^4u_xx,,-0.786594,,0.6412929315303554,1.0,False
Nagumo,3,6,VB_Alg1,Drift,u^5u_xx,,-0.142373,,0.2959171559452724,1.0,False
Nagumo,3,6,VB_Alg1,Drift,u^6u_xx,,0.260557,,0.26041663709698104,1.0,False
Nagumo,3,6,VB_Alg1,Drift,u_xxx,,0.063272,,0.0005031365361864888,0.9999999995866709,False
Nagumo,3,6,VB_Alg1,Drift,u^2u_xxx,,-0.587837,,0.03969993065401639,1.0,False
Nagumo,3,6,VB_Alg1,Drift,u^4u_xxx,,0.754522,,0.06461868006409356,0.9999999999999996,False
Nagumo,3,6,SINDy,Diffusion,1,1.0,0.978624,-2.1,,,True
Nagumo,3,6,VB_Alg1,Diffusion,1,1.0,0.967903,-3.2,5.841860870916773e-06,1.0,True
Nagumo,3,6,VB_Alg1,Diffusion,u,,-0.011426,,0.00014155923966653106,1.0,False
Nagumo,3,6,VB_Alg1,Diffusion,u^2,,-0.039745,,0.0009737975314882142,1.0,False
Nagumo,3,6,VB_Alg1,Diffusion,u^3,,0.048578,,0.004744640547628752,1.0,False
Nagumo,3,6,VB_Alg1,Diffusion,u^4,,0.067496,,0.013894646202546266,1.0,False
Nagumo,3,6,VB_Alg1,Diffusion,u^5,,-0.043954,,0.00679249925042686,1.0,False
Nagumo,3,6,VB_Alg1,Diffusion,u^6,,0.07893,,0.01359973238522696,1.0,False
Nagumo,3,6,VB_Alg1,Diffusion,u_x,,0.002112,,9.63959725184839e-06,0.9979780950680455,False
Nagumo,3,6,VB_Alg1,Diffusion,uu_x,,0.005625,,0.00041393406769036815,0.999931045711198,False
Nagumo,3,6,VB_Alg1,Diffusion,u^2u_x,,-0.014107,,0.004513330642624579,1.0,False
Nagumo,3,6,VB_Alg1,Diffusion,u^3u_x,,-2.3e-05,,0.01802394268695734,1.0,False
Nagumo,3,6,VB_Alg1,Diffusion,u^4u_x,,-0.040272,,0.04543131295258476,1.0,False
Nagumo,3,6,VB_Alg1,Diffusion,u^5u_x,,-0.022688,,0.027853476707044335,0.9999995357748092,False
Nagumo,3,6,VB_Alg1,Diffusion,u^6u_x,,0.036758,,0.03526900323551032,0.9999997245726661,False
Nagumo,3,6,VB_Alg1,Diffusion,u_xx,,-0.003193,,2.9561929698092663e-06,0.9980619317347931,False
Nagumo,3,6,VB_Alg1,Diffusion,uu_xx,,-0.030569,,4.659392792778889e-05,1.0,False
Nagumo,3,6,VB_Alg1,Diffusion,u^2u_xx,,-0.020703,,0.0003525067672940667,1.0,False
Nagumo,3,6,VB_Alg1,Diffusion,u^3u_xx,,-0.007748,,0.0010450108815513752,1.0,False
Nagumo,3,6,VB_Alg1,Diffusion,u^4u_xx,,0.067177,,0.002575532610741034,1.0,False
Nagumo,3,6,VB_Alg1,Diffusion,u^5u_xx,,0.048731,,0.00118729020767583,1.0,False
Nagumo,3,6,VB_Alg1,Diffusion,u^6u_xx,,-0.042328,,0.0010473194989036629,1.0,False
Nagumo,3,6,VB_Alg1,Diffusion,u^2u_xxx,,0.010798,,0.00016064319487039066,0.9998310201938497,False
Nagumo,3,6,VB_Alg1,Diffusion,u^4u_xxx,,-0.021195,,0.0014841628772527865,0.9999999999948106,False
Nagumo,3,6,VB_Alg1,Diffusion,u^6u_xxx,,0.004173,,0.0006201085570939303,0.998600983561966,False
Nagumo,6,3,SINDy,Drift,u,0.5,0.503601,0.7,,,True
Nagumo,6,3,SINDy,Drift,u^2,0.5,0.498728,-0.3,,,True
Nagumo,6,3,SINDy,Drift,u^3,-1.0,-1.048805,-4.9,,,True
Nagumo,6,3,SINDy,Drift,u_xx,1.0,0.972711,-2.7,,,True
Nagumo,6,3,VB_Alg1,Drift,1,,-0.000549,,0.0011829432880275095,1.0,False
Nagumo,6,3,VB_Alg1,Drift,u,0.5,0.447032,-10.6,0.005185299483825751,1.0,True
Nagumo,6,3,VB_Alg1,Drift,u^2,0.5,0.600275,20.1,0.05988931523241422,1.0,True
Nagumo,6,3,VB_Alg1,Drift,u^3,-1.0,-0.873435,12.7,0.06104478959159361,1.0,True
Nagumo,6,3,VB_Alg1,Drift,u_xx,1.0,0.96677,-3.3,0.0009524635458805088,1.0,True
Nagumo,6,3,VB_Alg1,Drift,uu_xx,,-0.196905,,0.040269170348823165,1.0,False
Nagumo,6,3,VB_Alg1,Drift,u^2u_xx,,0.135558,,0.10665021917009136,1.0,False
Nagumo,6,3,VB_Alg1,Drift,u^3u_xx,,1.013588,,0.32921611987561833,1.0,False
Nagumo,6,3,VB_Alg1,Drift,uu_xxxx,,-0.007238,,0.0009697363209432576,1.0,False
Nagumo,6,3,VB_Alg1,Drift,u^2u_xxxx,,0.022679,,0.001414624190330976,1.0,False
Nagumo,6,3,VB_Alg1,Drift,u^3u_xxxx,,0.118033,,0.006126011503231057,1.0,False
Nagumo,6,3,VB_Alg1,Drift,uu_xxxxxx,,9e-05,,6.292814762028889e-07,1.0,False
Nagumo,6,3,VB_Alg1,Drift,u^2u_xxxxxx,,0.000511,,7.654938885029712e-07,1.0,False
Nagumo,6,3,VB_Alg1,Drift,u^3u_xxxxxx,,0.002372,,3.499399348049918e-06,1.0,False
Nagumo,6,3,SINDy,Diffusion,1,1.0,0.978624,-2.1,,,True
Nagumo,6,3,VB_Alg1,Diffusion,1,1.0,0.964452,-3.6,4.761774879189648e-06,1.0,True
Nagumo,6,3,VB_Alg1,Diffusion,u,,0.003397,,2.773905501030963e-05,1.0,False
Nagumo,6,3,VB_Alg1,Diffusion,u^2,,0.027501,,0.00024185713607601143,1.0,False
Nagumo,6,3,VB_Alg1,Diffusion,u^3,,0.001028,,0.0003159736566903398,1.0,False
Nagumo,6,3,VB_Alg1,Diffusion,uu_x,,0.01493,,0.00018464685614005943,0.9997949244457491,False
Nagumo,6,3,VB_Alg1,Diffusion,u^3u_x,,-0.040589,,0.00220887777369187,0.997736340622477,False
Nagumo,6,3,VB_Alg1,Diffusion,u_xx,,0.001278,,1.6235215740514374e-05,0.9999343151439822,False
Nagumo,6,3,VB_Alg1,Diffusion,uu_xx,,0.017146,,0.00016545824950263586,1.0,False
Nagumo,6,3,VB_Alg1,Diffusion,u^2u_xx,,0.004992,,0.0007027780999557808,1.0,False
Nagumo,6,3,VB_Alg1,Diffusion,u^3u_xx,,-0.041543,,0.001340328067032952,1.0,False
Nagumo,6,3,VB_Alg1,Diffusion,u_xxxx,,0.000807,,4.7327020434923523e-07,1.0,False
Nagumo,6,3,VB_Alg1,Diffusion,uu_xxxx,,0.005627,,3.904317401219528e-06,1.0,False
Nagumo,6,3,VB_Alg1,Diffusion,u^2u_xxxx,,-0.00045,,9.125927917859952e-06,1.0,False
Nagumo,6,3,VB_Alg1,Diffusion,u^3u_xxxx,,-0.005034,,2.480699434432509e-05,1.0,False
Nagumo,6,3,VB_Alg1,Diffusion,u_xxxxxx,,1.9e-05,,2.916867937255788e-10,1.0,False
Nagumo,6,3,VB_Alg1,Diffusion,uu_xxxxxx,,0.000112,,2.5286385819201645e-09,1.0,False
Nagumo,6,3,VB_Alg1,Diffusion,u^2u_xxxxxx,,-1.5e-05,,4.76117477996277e-09,1.0,False
Nagumo,6,3,VB_Alg1,Diffusion,u^3u_xxxxxx,,-7.5e-05,,1.412020155400903e-08,1.0,False
Nagumo,3,3,SINDy,Drift,u,0.5,0.503601,0.7,,,True
Nagumo,3,3,SINDy,Drift,u^2,0.5,0.498728,-0.3,,,True
Nagumo,3,3,SINDy,Drift,u^3,-1.0,-1.048805,-4.9,,,True
Nagumo,3,3,SINDy,Drift,u_xx,1.0,0.972711,-2.7,,,True
Nagumo,3,3,VB_Alg2,Drift,1,,-0.0074,,6.428594439284278e-05,1.0,False
Nagumo,3,3,VB_Alg2,Drift,u,0.5,0.495845,-0.8,0.002416190738995519,1.0,True
Nagumo,3,3,VB_Alg2,Drift,u^2,0.5,0.53828,7.7,0.0021606897895786836,1.0,True
Nagumo,3,3,VB_Alg2,Drift,u^3,-1.0,-1.030527,-3.1,0.0181268524119617,1.0,True
Nagumo,3,3,VB_Alg2,Drift,u_xx,1.0,0.971944,-2.8,0.00037381513776521026,1.0,True
Nagumo,3,3,VB_Alg1,Drift,1,,-0.00741,,6.821609683818737e-05,1.0,False
Nagumo,3,3,VB_Alg1,Drift,u,0.5,0.47048,-5.9,0.004600585030877885,1.0,True
Nagumo,3,3,VB_Alg1,Drift,u^2,0.5,0.627729,25.5,0.02593586439629892,1.0,True
Nagumo,3,3,VB_Alg1,Drift,u^3,-1.0,-1.070071,-7.0,0.029866001364190486,1.0,True
Nagumo,3,3,VB_Alg1,Drift,u_xx,1.0,0.980122,-2.0,0.0005130884667307396,1.0,True
Nagumo,3,3,VB_Alg1,Drift,u^2u_xx,,-0.049329,,0.00880379832145924,1.0,False
Nagumo,3,3,VB_Alg1,Drift,u^3u_xx,,0.065733,,0.011108891592369914,1.0,False
Nagumo,3,3,SINDy,Diffusion,1,1.0,0.978624,-2.1,,,True
Nagumo,3,3,VB_Alg2,Diffusion,1,1.0,0.971206,-2.9,1.2458671486857613e-06,1.0,True
Nagumo,3,3,VB_Alg2,Diffusion,uu_xx,,-0.015514,,5.319750756759244e-06,1.0,False
Nagumo,3,3,VB_Alg1,Diffusion,1,1.0,0.967807,-3.2,3.819596091576796e-06,1.0,True
Nagumo,3,3,VB_Alg1,Diffusion,u,,-0.002495,,1.9204819960637116e-05,0.9999999999998115,False
Nagumo,3,3,VB_Alg1,Diffusion,u^2,,-0.005686,,0.00016673930635651573,1.0,False
Nagumo,3,3,VB_Alg1,Diffusion,u^3,,0.006342,,0.0001240677523213679,0.9999999997591456,False
Nagumo,3,3,VB_Alg1,Diffusion,u_xx,,-0.004397,,2.3703704894120178e-06,0.9999957743247394,False
Nagumo,3,3,VB_Alg1,Diffusion,uu_xx,,-0.026865,,2.240309333098773e-05,1.0,False
Nagumo,3,3,VB_Alg1,Diffusion,u^2u_xx,,0.003951,,3.530306071602298e-05,1.0,False
Nagumo,3,3,VB_Alg1,Diffusion,u^3u_xx,,0.006196,,0.00010413094296880667,1.0,False
Allen_Cahn,6,6,SINDy,Drift,u,1.0,1.27407,27.4,,,True
Allen_Cahn,6,6,SINDy,Drift,u^3,-1.0,-2.069579,-107.0,,,True
Allen_Cahn,6,6,SINDy,Drift,u^4,,0.374833,,,,False
Allen_Cahn,6,6,SINDy,Drift,u^5,,0.993285,,,,False
Allen_Cahn,6,6,SINDy,Drift,u^6,,-0.502284,,,,False
Allen_Cahn,6,6,SINDy,Drift,u^2u_x,,1.279509,,,,False
Allen_Cahn,6,6,SINDy,Drift,u^4u_x,,-6.458,,,,False
Allen_Cahn,6,6,SINDy,Drift,u^6u_x,,4.482952,,,,False
Allen_Cahn,6,6,SINDy,Drift,u_xx,1.0,0.973364,-2.7,,,True
Allen_Cahn,6,6,SINDy,Drift,u^2u_xx,,0.342694,,,,False
Allen_Cahn,6,6,SINDy,Drift,u^4u_xx,,-0.630846,,,,False
Allen_Cahn,6,6,SINDy,Drift,u^6u_xx,,0.365455,,,,False
Allen_Cahn,6,6,VB_Alg2,Drift,1,,-0.000454,,8.806437661366365e-06,1.0,False
Allen_Cahn,6,6,VB_Alg2,Drift,u,1.0,1.017037,1.7,0.0016774115521774968,1.0,True
Allen_Cahn,6,6,VB_Alg2,Drift,u^3,-1.0,-1.051619,-5.2,0.00801725775985368,1.0,True
Allen_Cahn,6,6,VB_Alg2,Drift,u_xx,1.0,0.997616,-0.2,0.0003022267454226583,1.0,True
Allen_Cahn,6,6,VB_Alg1,Drift,1,,-0.022221,,0.0014867543881570227,1.0,False
Allen_Cahn,6,6,VB_Alg1,Drift,u,1.0,1.276632,27.7,0.037671534601469714,1.0,True
Allen_Cahn,6,6,VB_Alg1,Drift,u^2,,0.379186,,0.3409029483970686,1.0,False
Allen_Cahn,6,6,VB_Alg1,Drift,u^3,-1.0,-1.928724,-92.9,1.789789192984243,1.0,True
Allen_Cahn,6,6,VB_Alg1,Drift,u^4,,0.258973,,3.9079994281033,1.0,False
Allen_Cahn,6,6,VB_Alg1,Drift,u^5,,0.96225,,2.1761202203984196,1.0,False
Allen_Cahn,6,6,VB_Alg1,Drift,u^6,,-0.930707,,2.91084642426169,1.0,False
Allen_Cahn,6,6,VB_Alg1,Drift,uu_x,,0.355662,,0.07147552302506344,0.9999999350032234,False
Allen_Cahn,6,6,VB_Alg1,Drift,u^2u_x,,0.57422,,0.38421783210445387,0.9999999999999729,False
Allen_Cahn,6,6,VB_Alg1,Drift,u^3u_x,,-0.958021,,0.5589418052918924,0.999999629364536,False
Allen_Cahn,6,6,VB_Alg1,Drift,u^4u_x,,-3.053965,,8.180228601868555,1.0,False
Allen_Cahn,6,6,VB_Alg1,Drift,u^6u_x,,1.486248,,6.506516068263119,0.9999999999999991,False
Allen_Cahn,6,6,VB_Alg1,Drift,u_xx,1.0,0.916066,-8.4,0.007952557371688278,1.0,True
Allen_Cahn,6,6,VB_Alg1,Drift,uu_xx,,-0.046798,,0.1693902196532512,1.0,False
Allen_Cahn,6,6,VB_Alg1,Drift,u^2u_xx,,2.166534,,1.4459865106337586,1.0,False
Allen_Cahn,6,6,VB_Alg1,Drift,u^3u_xx,,-0.284204,,4.5366199873106146,1.0,False
Allen_Cahn,6,6,VB_Alg1,Drift,u^4u_xx,,-4.657055,,7.254989220969099,1.0,False
Allen_Cahn,6,6,VB_Alg1,Drift,u^5u_xx,,0.107615,,3.9718835871893265,1.0,False
Allen_Cahn,6,6,VB_Alg1,Drift,u^6u_xx,,2.261885,,3.058409606904261,1.0,False
Allen_Cahn,6,6,VB_Alg1,Drift,u^3u_xxx,,0.466334,,0.20565300877885276,1.0,False
Allen_Cahn,6,6,VB_Alg1,Drift,u^4u_xxx,,-0.106271,,0.3424092262105774,0.9999999999999429,False
Allen_Cahn,6,6,VB_Alg1,Drift,u^5u_xxx,,-1.038986,,0.2604270739729931,1.0,False
Allen_Cahn,6,6,VB_Alg1,Drift,u^6u_xxx,,0.012732,,0.3140821211284456,0.9999999999999998,False
Allen_Cahn,6,6,VB_Alg1,Drift,u_xxxx,,-0.015029,,0.00016796547409524495,1.0,False
Allen_Cahn,6,6,VB_Alg1,Drift,uu_xxxx,,-0.007244,,0.0024338178249697115,1.0,False
Allen_Cahn,6,6,VB_Alg1,Drift,u^2u_xxxx,,0.330367,,0.02026000354985066,1.0,False
Allen_Cahn,6,6,VB_Alg1,Drift,u^3u_xxxx,,-0.07382,,0.04757095449438102,1.0,False
Allen_Cahn,6,6,VB_Alg1,Drift,u^4u_xxxx,,-0.660354,,0.10822713947569464,1.0,False
Allen_Cahn,6,6,VB_Alg1,Drift,u^5u_xxxx,,0.096085,,0.034716202711978644,1.0,False
Allen_Cahn,6,6,VB_Alg1,Drift,u^6u_xxxx,,0.260309,,0.03841888138191873,1.0,False
Allen_Cahn,6,6,VB_Alg1,Drift,uu_xxxxx,,-0.009119,,1.3474897295609624e-05,0.9999999980892793,False
Allen_Cahn,6,6,VB_Alg1,Drift,u^3u_xxxxx,,0.04628,,0.00041160521122127495,1.0,False
Allen_Cahn,6,6,VB_Alg1,Drift,u^4u_xxxxx,,-0.000433,,0.00044227557202111467,0.9999999999976066,False
Allen_Cahn,6,6,VB_Alg1,Drift,u^5u_xxxxx,,-0.057121,,0.0003879980710025378,1.0,False
Allen_Cahn,6,6,VB_Alg1,Drift,u^6u_xxxxx,,-0.000816,,0.00037350070737318696,0.999999999999988,False
Allen_Cahn,6,6,VB_Alg1,Drift,u_xxxxxx,,-0.000437,,9.8756233206566e-08,1.0,False
Allen_Cahn,6,6,VB_Alg1,Drift,uu_xxxxxx,,-0.000218,,1.3822860694471968e-06,1.0,False
Allen_Cahn,6,6,VB_Alg1,Drift,u^2u_xxxxxx,,0.008044,,1.1238070852091953e-05,1.0,False
Allen_Cahn,6,6,VB_Alg1,Drift,u^3u_xxxxxx,,-0.001495,,2.3506249814376984e-05,1.0,False
Allen_Cahn,6,6,VB_Alg1,Drift,u^4u_xxxxxx,,-0.015499,,5.802039843910855e-05,1.0,False
Allen_Cahn,6,6,VB_Alg1,Drift,u^5u_xxxxxx,,0.002573,,1.532718459586866e-05,1.0,False
Allen_Cahn,6,6,VB_Alg1,Drift,u^6u_xxxxxx,,0.005716,,1.876018831379953e-05,1.0,False
Allen_Cahn,6,6,SINDy,Diffusion,1,1.0,0.979198,-2.1,,,True
Allen_Cahn,6,6,VB_Alg2,Diffusion,1,1.0,0.970285,-3.0,1.5770680596641202e-06,1.0,True
Allen_Cahn,6,6,VB_Alg2,Diffusion,uu_xxxx,,0.000871,,1.4774877436602023e-08,1.0,False
Allen_Cahn,6,6,VB_Alg1,Diffusion,1,1.0,0.96915,-3.1,5.989146236004701e-06,1.0,True
Allen_Cahn,6,6,VB_Alg1,Diffusion,u,,0.00873,,0.0001520716212200464,1.0,False
Allen_Cahn,6,6,VB_Alg1,Diffusion,u^2,,0.000777,,0.0013770611027725836,1.0,False
Allen_Cahn,6,6,VB_Alg1,Diffusion,u^3,,-0.008469,,0.007305783256440977,1.0,False
Allen_Cahn,6,6,VB_Alg1,Diffusion,u^4,,-0.014168,,0.01578717845027381,1.0,False
Allen_Cahn,6,6,VB_Alg1,Diffusion,u^5,,-0.049603,,0.008828295527864223,1.0,False
Allen_Cahn,6,6,VB_Alg1,Diffusion,u^6,,0.03145,,0.011745295812194315,1.0,False
Allen_Cahn,6,6,VB_Alg1,Diffusion,u_x,,-0.001876,,3.359842056829825e-05,0.9999999853306414,False
Allen_Cahn,6,6,VB_Alg1,Diffusion,uu_x,,-0.007722,,0.0008343858025708543,0.9999999946129254,False
Allen_Cahn,6,6,VB_Alg1,Diffusion,u^2u_x,,0.005456,,0.007899051900747644,1.0,False
Allen_Cahn,6,6,VB_Alg1,Diffusion,u^3u_x,,0.242121,,0.02595308968795282,1.0,False
Allen_Cahn,6,6,VB_Alg1,Diffusion,u^4u_x,,0.038141,,0.04997122883845199,1.0,False
Allen_Cahn,6,6,VB_Alg1,Diffusion,u^5u_x,,-0.333226,,0.026871617947777284,1.0,False
Allen_Cahn,6,6,VB_Alg1,Diffusion,u^6u_x,,-0.062022,,0.02852068752117217,0.9999999999999856,False
Allen_Cahn,6,6,VB_Alg1,Diffusion,u_xx,,-0.006947,,3.241496466823137e-05,1.0,False
Allen_Cahn,6,6,VB_Alg1,Diffusion,uu_xx,,0.023749,,0.0006821684689982331,1.0,False
Allen_Cahn,6,6,VB_Alg1,Diffusion,u^2u_xx,,0.106535,,0.0058612939406563905,1.0,False
Allen_Cahn,6,6,VB_Alg1,Diffusion,u^3u_xx,,-0.161884,,0.01826202989046337,1.0,False
Allen_Cahn,6,6,VB_Alg1,Diffusion,u^4u_xx,,-0.122226,,0.029279404975196,1.0,False
Allen_Cahn,6,6,VB_Alg1,Diffusion,u^5u_xx,,0.101064,,0.016029187121177957,1.0,False
Allen_Cahn,6,6,VB_Alg1,Diffusion,u^6u_xx,,0.043962,,0.012310771089175667,1.0,False
Allen_Cahn,6,6,VB_Alg1,Diffusion,u_xxx,,-0.004092,,9.465956241750757e-06,1.0,False
Allen_Cahn,6,6,VB_Alg1,Diffusion,uu_xxx,,0.018706,,0.0001963387869148709,1.0,False
Allen_Cahn,6,6,VB_Alg1,Diffusion,u^2u_xxx,,0.058013,,0.0020850233848845497,1.0,False
Allen_Cahn,6,6,VB_Alg1,Diffusion,u^3u_xxx,,-0.057876,,0.003952626586548106,1.0,False
Allen_Cahn,6,6,VB_Alg1,Diffusion,u^4u_xxx,,-0.063787,,0.010457755556848835,1.0,False
Allen_Cahn,6,6,VB_Alg1,Diffusion,u^5u_xxx,,0.029913,,0.002481375831376996,1.0,False
Allen_Cahn,6,6,VB_Alg1,Diffusion,u^6u_xxx,,-0.00438,,0.0031424432004467135,1.0,False
Allen_Cahn,6,6,VB_Alg1,Diffusion,u_xxxx,,-0.000726,,6.769301863384303e-07,1.0,False
Allen_Cahn,6,6,VB_Alg1,Diffusion,uu_xxxx,,0.005089,,9.862713293011678e-06,1.0,False
Allen_Cahn,6,6,VB_Alg1,Diffusion,u^2u_xxxx,,0.010822,,8.181152232664834e-05,1.0,False
Allen_Cahn,6,6,VB_Alg1,Diffusion,u^3u_xxxx,,-0.012744,,0.00019217865353320476,1.0,False
Allen_Cahn,6,6,VB_Alg1,Diffusion,u^4u_xxxx,,-0.009714,,0.00043736249618833885,1.0,False
Allen_Cahn,6,6,VB_Alg1,Diffusion,u^5u_xxxx,,0.004502,,0.0001400815522339584,1.0,False
Allen_Cahn,6,6,VB_Alg1,Diffusion,u^6u_xxxx,,0.004079,,0.0001547561395988164,1.0,False
Allen_Cahn,6,6,VB_Alg1,Diffusion,u_xxxxx,,-0.000223,,1.520385823957114e-08,0.999999994983304,False
Allen_Cahn,6,6,VB_Alg1,Diffusion,uu_xxxxx,,0.000623,,2.8022219517806673e-07,1.0,False
Allen_Cahn,6,6,VB_Alg1,Diffusion,u^2u_xxxxx,,0.003163,,2.807032591500061e-06,1.0,False
Allen_Cahn,6,6,VB_Alg1,Diffusion,u^3u_xxxxx,,-0.001765,,5.111764326292666e-06,1.0,False
Allen_Cahn,6,6,VB_Alg1,Diffusion,u^4u_xxxxx,,-0.005187,,1.3909047340794664e-05,1.0,False
Allen_Cahn,6,6,VB_Alg1,Diffusion,u^5u_xxxxx,,0.000799,,3.0448950780181854e-06,1.0,False
Allen_Cahn,6,6,VB_Alg1,Diffusion,u^6u_xxxxx,,0.001586,,4.047877579184471e-06,1.0,False
Allen_Cahn,6,6,VB_Alg1,Diffusion,u_xxxxxx,,-1.5e-05,,3.9726091130137865e-10,1.0,False
Allen_Cahn,6,6,VB_Alg1,Diffusion,uu_xxxxxx,,9.8e-05,,5.6027030167584205e-09,1.0,False
Allen_Cahn,6,6,VB_Alg1,Diffusion,u^2u_xxxxxx,,0.000246,,4.5319542827833355e-08,1.0,False
Allen_Cahn,6,6,VB_Alg1,Diffusion,u^3u_xxxxxx,,-0.000197,,9.500829173607266e-08,1.0,False
Allen_Cahn,6,6,VB_Alg1,Diffusion,u^4u_xxxxxx,,-0.000234,,2.3440240452545246e-07,1.0,False
Allen_Cahn,6,6,VB_Alg1,Diffusion,u^5u_xxxxxx,,3.6e-05,,6.183167632012125e-08,1.0,False
Allen_Cahn,6,6,VB_Alg1,Diffusion,u^6u_xxxxxx,,8.4e-05,,7.562292391891578e-08,1.0,False
Allen_Cahn,3,6,SINDy,Drift,u,1.0,1.271208,27.1,,,True
Allen_Cahn,3,6,SINDy,Drift,u^3,-1.0,-2.070884,-107.1,,,True
Allen_Cahn,3,6,SINDy,Drift,u^4,,0.379427,,,,False
Allen_Cahn,3,6,SINDy,Drift,u^5,,0.991552,,,,False
Allen_Cahn,3,6,SINDy,Drift,u^6,,-0.508018,,,,False
Allen_Cahn,3,6,SINDy,Drift,u^2u_x,,1.24314,,,,False
Allen_Cahn,3,6,SINDy,Drift,u^3u_x,,0.330383,,,,False
Allen_Cahn,3,6,SINDy,Drift,u^4u_x,,-6.395541,,,,False
Allen_Cahn,3,6,SINDy,Drift,u^5u_x,,-0.7655,,,,False
Allen_Cahn,3,6,SINDy,Drift,u^6u_x,,4.585335,,,,False
Allen_Cahn,3,6,SINDy,Drift,u_xx,1.0,0.972707,-2.7,,,True
Allen_Cahn,3,6,SINDy,Drift,u^2u_xx,,0.337146,,,,False
Allen_Cahn,3,6,SINDy,Drift,u^4u_xx,,-0.622857,,,,False
Allen_Cahn,3,6,SINDy,Drift,u^6u_xx,,0.359805,,,,False
Allen_Cahn,3,6,VB_Alg1,Drift,1,,-0.028108,,0.001271320017152097,1.0,False
Allen_Cahn,3,6,VB_Alg1,Drift,u,1.0,1.30363,30.4,0.02766697680631236,1.0,True
Allen_Cahn,3,6,VB_Alg1,Drift,u^2,,0.202911,,0.23760535295261326,1.0,False
Allen_Cahn,3,6,VB_Alg1,Drift,u^3,-1.0,-2.567411,-156.7,1.0274860090491493,1.0,True
Allen_Cahn,3,6,VB_Alg1,Drift,u^4,,1.340262,,2.2991309876236787,1.0,False
Allen_Cahn,3,6,VB_Alg1,Drift,u^5,,1.385953,,1.0277702082257762,1.0,False
Allen_Cahn,3,6,VB_Alg1,Drift,u^6,,-1.413243,,1.7545380417267884,1.0,False
Allen_Cahn,3,6,VB_Alg1,Drift,uu_x,,0.651185,,0.15662983120012458,1.0,False
Allen_Cahn,3,6,VB_Alg1,Drift,u^2u_x,,0.66222,,0.3652419584682691,0.9999999999999996,False
Allen_Cahn,3,6,VB_Alg1,Drift,u^3u_x,,-3.029292,,5.1567315259477216,1.0,False
Allen_Cahn,3,6,VB_Alg1,Drift,u^4u_x,,-3.41497,,6.738033692656161,1.0,False
Allen_Cahn,3,6,VB_Alg1,Drift,u^5u_x,,2.011074,,5.452943319585333,1.0,False
Allen_Cahn,3,6,VB_Alg1,Drift,u^6u_x,,2.252667,,4.603591580779362,1.0,False
Allen_Cahn,3,6,VB_Alg1,Drift,u_xx,1.0,0.985166,-1.5,0.0007512593350426629,1.0,True
Allen_Cahn,3,6,VB_Alg1,Drift,uu_xx,,-0.076669,,0.010554543681142996,1.0,False
Allen_Cahn,3,6,VB_Alg1,Drift,u^2u_xx,,0.294755,,0.06933448356795255,1.0,False
Allen_Cahn,3,6,VB_Alg1,Drift,u^3u_xx,,0.426762,,0.24740360954803717,1.0,False
Allen_Cahn,3,6,VB_Alg1,Drift,u^4u_xx,,-0.701533,,0.40032973898564556,1.0,False
Allen_Cahn,3,6,VB_Alg1,Drift,u^5u_xx,,-0.178343,,0.18017192018840572,1.0,False
Allen_Cahn,3,6,VB_Alg1,Drift,u^6u_xx,,0.400051,,0.13048571553253843,1.0,False
Allen_Cahn,3,6,VB_Alg1,Drift,uu_xxx,,0.19277,,0.009106654257029508,0.9999999935717854,False
Allen_Cahn,3,6,VB_Alg1,Drift,u^3u_xxx,,-0.730919,,0.12397350471381596,1.0,False
Allen_Cahn,3,6,VB_Alg1,Drift,u^5u_xxx,,0.494153,,0.06871595330321023,0.9999999999995088,False
Allen_Cahn,3,6,SINDy,Diffusion,1,1.0,0.979198,-2.1,,,True
Allen_Cahn,3,6,VB_Alg1,Diffusion,1,1.0,0.969928,-3.0,5.0095703767484675e-06,1.0,True
Allen_Cahn,3,6,VB_Alg1,Diffusion,u,,0.017846,,0.0001053569246087193,1.0,False
Allen_Cahn,3,6,VB_Alg1,Diffusion,u^2,,-0.022965,,0.0009313764894905602,1.0,False
Allen_Cahn,3,6,VB_Alg1,Diffusion,u^3,,-0.078951,,0.004105214947587359,1.0,False
Allen_Cahn,3,6,VB_Alg1,Diffusion,u^4,,0.048777,,0.009208091496017203,1.0,False
Allen_Cahn,3,6,VB_Alg1,Diffusion,u^5,,0.005678,,0.004026128250629114,1.0,False
Allen_Cahn,3,6,VB_Alg1,Diffusion,u^6,,0.001944,,0.007032779158435163,1.0,False
Allen_Cahn,3,6,VB_Alg1,Diffusion,u_x,,0.003375,,1.2355545140782602e-05,0.99996886482213,False
Allen_Cahn,3,6,VB_Alg1,Diffusion,uu_x,,-0.029928,,0.0005019947534115334,0.9999999999999798,False
Allen_Cahn,3,6,VB_Alg1,Diffusion,u^2u_x,,-0.073817,,0.005223722374003089,1.0,False
Allen_Cahn,3,6,VB_Alg1,Diffusion,u^3u_x,,0.3149,,0.017066518781518686,1.0,False
Allen_Cahn,3,6,VB_Alg1,Diffusion,u^4u_x,,0.106934,,0.04476712175615866,1.0,False
Allen_Cahn,3,6,VB_Alg1,Diffusion,u^5u_x,,-0.390396,,0.017849499886738757,1.0,False
Allen_Cahn,3,6,VB_Alg1,Diffusion,u^6u_x,,-0.014982,,0.02551761247430956,0.9999999999807017,False
Allen_Cahn,3,6,VB_Alg1,Diffusion,uu_xx,,-0.025304,,4.2029824394346754e-05,1.0,False
Allen_Cahn,3,6,VB_Alg1,Diffusion,u^2u_xx,,0.023596,,0.0001963469734022686,1.0,False
Allen_Cahn,3,6,VB_Alg1,Diffusion,u^3u_xx,,0.000909,,0.000993334139395735,1.0,False
Allen_Cahn,3,6,VB_Alg1,Diffusion,u^4u_xx,,-0.049761,,0.0014655865834501487,1.0,False
Allen_Cahn,3,6,VB_Alg1,Diffusion,u^5u_xx,,0.016602,,0.0007221884101880888,1.0,False
Allen_Cahn,3,6,VB_Alg1,Diffusion,u^6u_xx,,0.003429,,0.0005089900498173395,1.0,False
Allen_Cahn,3,6,VB_Alg1,Diffusion,u^2u_xxx,,-0.012123,,0.0001456687633151042,0.9999753868063738,False
Allen_Cahn,3,6,VB_Alg1,Diffusion,u^4u_xxx,,0.05013,,0.0010157851411389265,1.0,False
Allen_Cahn,3,6,VB_Alg1,Diffusion,u^6u_xxx,,-0.03417,,0.00034565720754452445,1.0,False
Allen_Cahn,6,3,SINDy,Drift,u,1.0,1.014051,1.4,,,True
Allen_Cahn,6,3,SINDy,Drift,u^3,-1.0,-1.049212,-4.9,,,True
Allen_Cahn,6,3,SINDy,Drift,u^3u_x,,-0.327434,,,,False
Allen_Cahn,6,3,SINDy,Drift,u_xx,1.0,0.994531,-0.5,,,True
Allen_Cahn,6,3,VB_Alg1,Drift,1,,-0.013571,,0.000893066545754435,1.0,False
Allen_Cahn,6,3,VB_Alg1,Drift,u,1.0,1.054721,5.5,0.005916024321997194,1.0,True
Allen_Cahn,6,3,VB_Alg1,Drift,u^2,,0.135862,,0.05397194212965919,1.0,False
Allen_Cahn,6,3,VB_Alg1,Drift,u^3,-1.0,-0.804567,19.5,0.02220693044332308,1.0,True
Allen_Cahn,6,3,VB_Alg1,Drift,uu_x,,0.203671,,0.05347460608285617,0.9980996290042944,False
Allen_Cahn,6,3,VB_Alg1,Drift,u^2u_x,,-0.320056,,0.017153301255526218,0.9229560166328118,False
Allen_Cahn,6,3,VB_Alg1,Drift,u^3u_x,,-0.770942,,0.43251960004517614,0.9999096632445437,False
Allen_Cahn,6,3,VB_Alg1,Drift,u_xx,1.0,0.956843,-4.3,0.0007659142403116182,1.0,True
Allen_Cahn,6,3,VB_Alg1,Drift,uu_xx,,-0.227151,,0.036312572760666066,1.0,False
Allen_Cahn,6,3,VB_Alg1,Drift,u^2u_xx,,0.421745,,0.07582849883421137,1.0,False
Allen_Cahn,6,3,VB_Alg1,Drift,u^3u_xx,,0.263348,,0.22977777790794707,1.0,False
Allen_Cahn,6,3,VB_Alg1,Drift,u^3u_xxx,,-0.361238,,0.03461641291527769,0.999999798438155,False
Allen_Cahn,6,3,VB_Alg1,Drift,uu_xxxx,,-0.030598,,0.0008989952273710981,1.0,False
Allen_Cahn,6,3,VB_Alg1,Drift,u^2u_xxxx,,0.021557,,0.0011846534556316296,1.0,False
Allen_Cahn,6,3,VB_Alg1,Drift,u^3u_xxxx,,0.062583,,0.004304503140175458,1.0,False
Allen_Cahn,6,3,VB_Alg1,Drift,u^3u_xxxxx,,-0.01426,,4.79734795038389e-05,0.999999868552671,False
Allen_Cahn,6,3,VB_Alg1,Drift,uu_xxxxxx,,-0.000742,,5.700185632020606e-07,1.0,False
Allen_Cahn,6,3,VB_Alg1,Drift,u^2u_xxxxxx,,0.000284,,6.615331847006412e-07,1.0,False
Allen_Cahn,6,3,VB_Alg1,Drift,u^3u_xxxxxx,,0.001889,,2.3929576617946607e-06,1.0,False
Allen_Cahn,6,3,SINDy,Diffusion,1,1.0,0.979198,-2.1,,,True
Allen_Cahn,6,3,VB_Alg1,Diffusion,1,1.0,0.969244,-3.1,3.6035996683977253e-06,1.0,True
Allen_Cahn,6,3,VB_Alg1,Diffusion,u,,-0.009193,,3.167300012066524e-05,1.0,False
Allen_Cahn,6,3,VB_Alg1,Diffusion,u^2,,0.002626,,0.00021357758583628625,1.0,False
Allen_Cahn,6,3,VB_Alg1,Diffusion,u^3,,0.015475,,0.00012687650080382514,1.0,False
Allen_Cahn,6,3,VB_Alg1,Diffusion,uu_x,,0.028336,,0.0003866834402274842,0.9999999999964477,False
Allen_Cahn,6,3,VB_Alg1,Diffusion,u^3u_x,,-0.062354,,0.0024718263024513807,0.999999900332586,False
Allen_Cahn,6,3,VB_Alg1,Diffusion,u_xx,,-0.003206,,1.3131508202357584e-05,0.9999993164047868,False
Allen_Cahn,6,3,VB_Alg1,Diffusion,uu_xx,,0.002847,,0.00014525747553971514,1.0,False
Allen_Cahn,6,3,VB_Alg1,Diffusion,u^2u_xx,,0.034216,,0.0005015070934455079,1.0,False
Allen_Cahn,6,3,VB_Alg1,Diffusion,u^3u_xx,,-0.033198,,0.0009325767057119481,1.0,False
Allen_Cahn,6,3,VB_Alg1,Diffusion,uu_xxx,,0.013645,,8.821800813488929e-05,0.9999999999998339,False
Allen_Cahn,6,3,VB_Alg1,Diffusion,u^3u_xxx,,-0.020957,,0.00047489821927620447,0.9999999998307081,False
Allen_Cahn,6,3,VB_Alg1,Diffusion,u_xxxx,,-0.000264,,4.4581521078183936e-07,1.0,False
Allen_Cahn,6,3,VB_Alg1,Diffusion,uu_xxxx,,0.004165,,3.6434017339422072e-06,1.0,False
Allen_Cahn,6,3,VB_Alg1,Diffusion,u^2u_xxxx,,0.003842,,7.93764054706541e-06,1.0,False
Allen_Cahn,6,3,VB_Alg1,Diffusion,u^3u_xxxx,,-0.005771,,1.7736430992098077e-05,1.0,False
Allen_Cahn,6,3,VB_Alg1,Diffusion,uu_xxxxx,,0.000612,,1.2444403367944087e-07,0.9999999999975087,False
Allen_Cahn,6,3,VB_Alg1,Diffusion,u^3u_xxxxx,,-0.000957,,6.111557924738213e-07,0.999999999992631,False
Allen_Cahn,6,3,VB_Alg1,Diffusion,u_xxxxxx,,-3e-06,,2.710674264883285e-10,0.999999999999921,False
Allen_Cahn,6,3,VB_Alg1,Diffusion,uu_xxxxxx,,9.6e-05,,2.321029640118719e-09,1.0,False
Allen_Cahn,6,3,VB_Alg1,Diffusion,u^2u_xxxxxx,,6.9e-05,,4.208316107709578e-09,1.0,False
Allen_Cahn,6,3,VB_Alg1,Diffusion,u^3u_xxxxxx,,-0.000126,,9.863389386226019e-09,1.0,False
Allen_Cahn,3,3,SINDy,Drift,u,1.0,1.014051,1.4,,,True
Allen_Cahn,3,3,SINDy,Drift,u^3,-1.0,-1.049212,-4.9,,,True
Allen_Cahn,3,3,SINDy,Drift,u^3u_x,,-0.327434,,,,False
Allen_Cahn,3,3,SINDy,Drift,u_xx,1.0,0.994531,-0.5,,,True
Allen_Cahn,3,3,VB_Alg2,Drift,1,,-0.000454,,8.806437662080571e-06,1.0,False
Allen_Cahn,3,3,VB_Alg2,Drift,u,1.0,1.017037,1.7,0.001677411552313537,1.0,True
Allen_Cahn,3,3,VB_Alg2,Drift,u^3,-1.0,-1.051619,-5.2,0.008017257760503885,1.0,True
Allen_Cahn,3,3,VB_Alg2,Drift,u_xx,1.0,0.997616,-0.2,0.00030222674544716916,1.0,True
Allen_Cahn,3,3,VB_Alg1,Drift,1,,-0.024974,,0.0007645297921100683,1.0,False
Allen_Cahn,3,3,VB_Alg1,Drift,u,1.0,1.060378,6.0,0.005486929086192608,1.0,True
Allen_Cahn,3,3,VB_Alg1,Drift,u^2,,0.328896,,0.04508564374838806,1.0,False
Allen_Cahn,3,3,VB_Alg1,Drift,u^3,-1.0,-0.938058,6.2,0.01342114572077139,1.0,True
Allen_Cahn,3,3,VB_Alg1,Drift,uu_x,,0.208843,,0.05130446631652433,0.9980855941921848,False
Allen_Cahn,3,3,VB_Alg1,Drift,u^3u_x,,-0.914081,,0.41924514847880767,0.9999943420515824,False
Allen_Cahn,3,3,VB_Alg1,Drift,u_xx,1.0,0.97467,-2.5,0.0005314083362835568,1.0,True
Allen_Cahn,3,3,VB_Alg1,Drift,uu_xx,,-0.070716,,0.004129904204126984,1.0,False
Allen_Cahn,3,3,VB_Alg1,Drift,u^2u_xx,,0.101969,,0.009404700052147963,1.0,False
Allen_Cahn,3,3,VB_Alg1,Drift,u^3u_xx,,0.271294,,0.02376358783943772,1.0,False
Allen_Cahn,3,3,SINDy,Diffusion,1,1.0,0.979198,-2.1,,,True
Allen_Cahn,3,3,VB_Alg2,Diffusion,1,1.0,0.971326,-2.9,1.4074163055672366e-06,1.0,True
Allen_Cahn,3,3,VB_Alg2,Diffusion,u^2,,-0.01321,,8.660256239694573e-06,1.0,False
Allen_Cahn,3,3,VB_Alg2,Diffusion,uu_xx,,-0.020589,,8.406073435488827e-06,1.0,False
Allen_Cahn,3,3,VB_Alg1,Diffusion,1,1.0,0.970905,-2.9,2.996964886449991e-06,1.0,True
Allen_Cahn,3,3,VB_Alg1,Diffusion,u,,-0.002285,,2.088739720174261e-05,0.9999999999993878,False
Allen_Cahn,3,3,VB_Alg1,Diffusion,u^2,,-0.010609,,0.00017329111796342473,1.0,False
Allen_Cahn,3,3,VB_Alg1,Diffusion,u^3,,0.003551,,4.055334164477931e-05,0.9997871983054352,False
Allen_Cahn,3,3,VB_Alg1,Diffusion,uu_x,,0.013472,,0.00020489375092107718,0.9983343830143131,False
Allen_Cahn,3,3,VB_Alg1,Diffusion,u^3u_x,,-0.042425,,0.0016769204108227648,0.9993615892549992,False
Allen_Cahn,3,3,VB_Alg1,Diffusion,uu_xx,,-0.021773,,1.6565677992696776e-05,1.0,False
Allen_Cahn,3,3,VB_Alg1,Diffusion,u^2u_xx,,0.000106,,2.629344563074962e-05,0.999999999999418,False
Allen_Cahn,3,3,VB_Alg1,Diffusion,u^3u_xx,,0.00219,,9.38711217424658e-05,1.0,False
KdV,6,6,SINDy,Drift,uu_x,-1.0,-1.041344,-4.1,,,True
KdV,6,6,SINDy,Drift,u_xxx,-1.0,-0.99608,0.4,,,True
KdV,6,6,VB_Alg2,Drift,1,,-0.000761,,7.769270271214668e-06,1.0,False
KdV,6,6,VB_Alg2,Drift,uu_x,-1.0,-1.048059,-4.8,0.0023873553169734777,1.0,True
KdV,6,6,VB_Alg2,Drift,u_xxx,-1.0,-0.995939,0.4,1.2042549654441905e-05,1.0,True
KdV,6,6,VB_Alg2,Drift,u_xxxx,,-0.021934,,2.2579492483812617e-06,1.0,False
KdV,6,6,VB_Alg2,Drift,u_xxxxxx,,-0.000503,,1.6403581415139472e-09,1.0,False
KdV,6,6,VB_Alg1,Drift,1,,-0.032977,,0.0004028126377247294,1.0,False
KdV,6,6,VB_Alg1,Drift,u,,-0.133356,,0.02192421809109732,1.0,False
KdV,6,6,VB_Alg1,Drift,u^2,,-0.005573,,0.10021534742854789,1.0,False
KdV,6,6,VB_Alg1,Drift,u^3,,0.205944,,0.14819661134421522,1.0,False
KdV,6,6,VB_Alg1,Drift,u^4,,0.08635,,0.05399284868177722,1.0,False
KdV,6,6,VB_Alg1,Drift,u^5,,-0.068274,,0.010481381024581427,1.0,False
KdV,6,6,VB_Alg1,Drift,u^6,,-0.030184,,0.001243370140661585,1.0,False
KdV,6,6,VB_Alg1,Drift,uu_x,-1.0,-0.956536,4.3,0.05212746931335409,1.0,True
KdV,6,6,VB_Alg1,Drift,u^2u_x,,-0.121946,,0.027187114037427542,1.0,False
KdV,6,6,VB_Alg1,Drift,u^3u_x,,-0.156944,,0.05729269359034341,1.0,False
KdV,6,6,VB_Alg1,Drift,u^4u_x,,0.061102,,0.01144207939273569,1.0,False
KdV,6,6,VB_Alg1,Drift,u^5u_x,,0.028408,,0.0011417132238920951,1.0,False
KdV,6,6,VB_Alg1,Drift,u^6u_x,,-0.001903,,0.00011808770341761731,1.0,False
KdV,6,6,VB_Alg1,Drift,u_xx,,-0.122598,,0.002940386288268052,1.0,False
KdV,6,6,VB_Alg1,Drift,uu_xx,,-0.121827,,0.027402082917072964,1.0,False
KdV,6,6,VB_Alg1,Drift,u^2u_xx,,0.080733,,0.02375511422081679,1.0,False
KdV,6,6,VB_Alg1,Drift,u^3u_xx,,0.145697,,0.01279235326710043,1.0,False
KdV,6,6,VB_Alg1,Drift,u^4u_xx,,-0.022328,,0.002571872038830143,1.0,False
KdV,6,6,VB_Alg1,Drift,u^5u_xx,,-0.025207,,0.00018846957606678287,1.0,False
KdV,6,6,VB_Alg1,Drift,u^6u_xx,,-0.001236,,1.2284985465578635e-05,1.0,False
KdV,6,6,VB_Alg1,Drift,u_xxx,-1.0,-0.996813,0.3,2.345370525176635e-05,1.0,True
KdV,6,6,VB_Alg1,Drift,uu_xxx,,-0.048211,,0.001496835564590842,1.0,False
KdV,6,6,VB_Alg1,Drift,u^2u_xxx,,-0.008333,,9.981051049940598e-05,0.9999916951673757,False
KdV,6,6,VB_Alg1,Drift,u^3u_xxx,,0.040459,,0.0008963374099800543,1.0,False
KdV,6,6,VB_Alg1,Drift,u^4u_xxx,,0.011629,,9.186802061055758e-05,1.0,False
KdV,6,6,VB_Alg1,Drift,u^5u_xxx,,-0.001346,,1.4743704463027948e-05,1.0,False
KdV,6,6,VB_Alg1,Drift,u^6u_xxx,,-0.000433,,1.195748962300668e-06,1.0,False
KdV,6,6,VB_Alg1,Drift,u_xxxx,,-0.033746,,2.0103875933886822e-05,1.0,False
KdV,6,6,VB_Alg1,Drift,uu_xxxx,,-0.007247,,0.00013794609157200444,1.0,False
KdV,6,6,VB_Alg1,Drift,u^2u_xxxx,,0.007545,,0.00012143275661399342,1.0,False
KdV,6,6,VB_Alg1,Drift,u^3u_xxxx,,0.010441,,6.041732249040576e-05,1.0,False
KdV,6,6,VB_Alg1,Drift,u^4u_xxxx,,-0.0018,,1.360959917902976e-05,1.0,False
KdV,6,6,VB_Alg1,Drift,u^5u_xxxx,,-0.001815,,8.091049216925762e-07,1.0,False
KdV,6,6,VB_Alg1,Drift,u^6u_xxxx,,-7.1e-05,,7.12035387144983e-08,1.0,False
KdV,6,6,VB_Alg1,Drift,uu_xxxxx,,-0.001669,,1.2858007142441031e-06,1.0,False
KdV,6,6,VB_Alg1,Drift,u^3u_xxxxx,,0.001629,,6.350058633668175e-07,1.0,False
KdV,6,6,VB_Alg1,Drift,u^4u_xxxxx,,0.000318,,4.7297343252292e-08,1.0,False
KdV,6,6,VB_Alg1,Drift,u^5u_xxxxx,,-0.0001,,9.418180968383546e-09,1.0,False
KdV,6,6,VB_Alg1,Drift,u^6u_xxxxx,,-1.6e-05,,6.872896321805956e-10,1.0,False
KdV,6,6,VB_Alg1,Drift,u_xxxxxx,,-0.000733,,7.721723784370506e-09,1.0,False
KdV,6,6,VB_Alg1,Drift,uu_xxxxxx,,-0.000105,,4.1032941890276076e-08,1.0,False
KdV,6,6,VB_Alg1,Drift,u^2u_xxxxxx,,0.000149,,3.78584687326088e-08,1.0,False
KdV,6,6,VB_Alg1,Drift,u^3u_xxxxxx,,0.000178,,1.7040312943383182e-08,1.0,False
KdV,6,6,VB_Alg1,Drift,u^4u_xxxxxx,,-3.2e-05,,4.105281098752318e-09,1.0,False
KdV,6,6,VB_Alg1,Drift,u^5u_xxxxxx,,-3.1e-05,,2.16639024241192e-10,1.0,False
KdV,6,6,VB_Alg1,Drift,u^6u_xxxxxx,,-1e-06,,2.118105772038087e-11,1.0,False
KdV,6,6,SINDy,Diffusion,1,1.0,0.982805,-1.7,,,True
KdV,6,6,SINDy,Diffusion,u,,0.106016,,,,False
KdV,6,6,SINDy,Diffusion,u^2,,0.30937,,,,False
KdV,6,6,SINDy,Diffusion,uu_x,,0.188383,,,,False
KdV,6,6,SINDy,Diffusion,uu_xx,,-0.259205,,,,False
KdV,6,6,VB_Alg2,Diffusion,1,1.0,0.982478,-1.8,2.455424950954917e-05,1.0,True
KdV,6,6,VB_Alg2,Diffusion,u,,-0.294225,,0.0007743181402384658,1.0,False
KdV,6,6,VB_Alg2,Diffusion,u^2,,-0.776366,,0.0021973304886876194,1.0,False
KdV,6,6,VB_Alg2,Diffusion,u^4,,0.152634,,0.00024413895479078878,1.0,False
KdV,6,6,VB_Alg2,Diffusion,u^5,,-0.046738,,9.204222174746832e-06,1.0,False
KdV,6,6,VB_Alg2,Diffusion,u^6,,-0.01793,,3.353503624539092e-06,1.0,False
KdV,6,6,VB_Alg2,Diffusion,u_x,,-0.114779,,0.00033521212729889206,1.0,False
KdV,6,6,VB_Alg2,Diffusion,uu_x,,-0.212298,,0.0007019385436181431,1.0,False
KdV,6,6,VB_Alg2,Diffusion,u^2u_x,,-0.179496,,0.0010264788782441043,1.0,False
KdV,6,6,VB_Alg2,Diffusion,u^4u_x,,-0.052405,,3.960237551356254e-05,1.0,False
KdV,6,6,VB_Alg2,Diffusion,u_xx,,-0.116459,,6.469907144223232e-05,1.0,False
KdV,6,6,VB_Alg2,Diffusion,uu_xx,,-0.859394,,0.000880021004544744,1.0,False
KdV,6,6,VB_Alg2,Diffusion,u^6u_xx,,-0.001429,,1.535538432348648e-08,1.0,False
KdV,6,6,VB_Alg2,Diffusion,u_xxx,,-0.046601,,1.8509212600398005e-05,1.0,False
KdV,6,6,VB_Alg2,Diffusion,u^2u_xxx,,-0.018886,,1.8293068299907398e-06,1.0,False
KdV,6,6,VB_Alg2,Diffusion,u_xxxx,,-0.00122,,5.470262506959437e-08,1.0,False
KdV,6,6,VB_Alg2,Diffusion,uu_xxxx,,-0.033393,,4.409631533159885e-06,1.0,False
KdV,6,6,VB_Alg2,Diffusion,u^6u_xxxx,,-4e-05,,1.511509902250374e-11,1.0,False
KdV,6,6,VB_Alg2,Diffusion,u_xxxxx,,-0.001681,,1.8644307400799642e-08,1.0,False
KdV,6,6,VB_Alg2,Diffusion,uu_xxxxxx,,-0.000443,,1.3052988860258259e-09,1.0,False
KdV,6,6,VB_Alg1,Diffusion,1,1.0,0.960021,-4.0,5.29953419298443e-05,1.0,True
KdV,6,6,VB_Alg1,Diffusion,u,,-0.484052,,0.0028765151308390606,1.0,False
KdV,6,6,VB_Alg1,Diffusion,u^2,,-0.748874,,0.013140615975045393,1.0,False
KdV,6,6,VB_Alg1,Diffusion,u^3,,0.744213,,0.01942738876430425,1.0,False
KdV,6,6,VB_Alg1,Diffusion,u^4,,0.371516,,0.007070017423797684,1.0,False
KdV,6,6,VB_Alg1,Diffusion,u^5,,-0.181905,,0.001372849566833234,1.0,False
KdV,6,6,VB_Alg1,Diffusion,u^6,,-0.048081,,0.00016286544420467296,1.0,False
KdV,6,6,VB_Alg1,Diffusion,u_x,,-0.16007,,0.0004876189849578436,1.0,False
KdV,6,6,VB_Alg1,Diffusion,uu_x,,-0.350334,,0.008754322106785915,1.0,False
KdV,6,6,VB_Alg1,Diffusion,u^3u_x,,0.022768,,0.008502995927432637,1.0,False
KdV,6,6,VB_Alg1,Diffusion,u^4u_x,,-0.152609,,0.0006128765003078212,1.0,False
KdV,6,6,VB_Alg1,Diffusion,u^5u_x,,0.042797,,0.00015943641417798815,1.0,False
KdV,6,6,VB_Alg1,Diffusion,u^6u_x,,0.020862,,1.1914833562022613e-05,1.0,False
KdV,6,6,VB_Alg1,Diffusion,u_xx,,-0.196036,,0.0003856589862144942,1.0,False
KdV,6,6,VB_Alg1,Diffusion,uu_xx,,-1.046736,,0.0036147158925098166,1.0,False
KdV,6,6,VB_Alg1,Diffusion,u^2u_xx,,0.148965,,0.003113532777003726,1.0,False
KdV,6,6,VB_Alg1,Diffusion,u^3u_xx,,0.130984,,0.0016770833936576304,1.0,False
KdV,6,6,VB_Alg1,Diffusion,u^4u_xx,,-0.003708,,0.00033650373553777824,1.0,False
KdV,6,6,VB_Alg1,Diffusion,u^5u_xx,,-0.012878,,2.4663409724125017e-05,1.0,False
KdV,6,6,VB_Alg1,Diffusion,u^6u_xx,,-0.004306,,1.6039869441846503e-06,1.0,False
KdV,6,6,VB_Alg1,Diffusion,u_xxx,,-0.040808,,4.0757635393800843e-05,1.0,False
KdV,6,6,VB_Alg1,Diffusion,uu_xxx,,-0.007644,,0.00024162853068000585,1.0,False
KdV,6,6,VB_Alg1,Diffusion,u^2u_xxx,,-0.027721,,0.00011939223170273789,1.0,False
KdV,6,6,VB_Alg1,Diffusion,u^3u_xxx,,0.005688,,0.00013072026012721176,1.0,False
KdV,6,6,VB_Alg1,Diffusion,u^4u_xxx,,-0.002976,,1.6653385143648363e-05,1.0,False
KdV,6,6,VB_Alg1,Diffusion,u^5u_xxx,,0.004252,,2.039928086710516e-06,1.0,False
KdV,6,6,VB_Alg1,Diffusion,u^6u_xxx,,0.001669,,1.7129104431149345e-07,1.0,False
KdV,6,6,VB_Alg1,Diffusion,u_xxxx,,-0.00746,,2.6362569352087176e-06,1.0,False
KdV,6,6,VB_Alg1,Diffusion,uu_xxxx,,-0.046585,,1.8209507359755867e-05,1.0,False
KdV,6,6,VB_Alg1,Diffusion,u^2u_xxxx,,0.008141,,1.5912396818786017e-05,1.0,False
KdV,6,6,VB_Alg1,Diffusion,u^3u_xxxx,,0.006444,,7.922061294875232e-06,1.0,False
KdV,6,6,VB_Alg1,Diffusion,u^4u_xxxx,,-0.000865,,1.780857820067132e-06,1.0,False
KdV,6,6,VB_Alg1,Diffusion,u^5u_xxxx,,-0.000464,,1.0588920360441329e-07,1.0,False
KdV,6,6,VB_Alg1,Diffusion,u^6u_xxxx,,-0.000127,,9.302072830463185e-09,1.0,False
KdV,6,6,VB_Alg1,Diffusion,u_xxxxx,,-0.001325,,4.064771024197539e-08,1.0,False
KdV,6,6,VB_Alg1,Diffusion,uu_xxxxx,,-0.000146,,2.015349888248904e-07,1.0,False
KdV,6,6,VB_Alg1,Diffusion,u^2u_xxxxx,,-0.000822,,1.3664629386261523e-07,1.0,False
KdV,6,6,VB_Alg1,Diffusion,u^3u_xxxxx,,0.000194,,9.081158074560728e-08,1.0,False
KdV,6,6,VB_Alg1,Diffusion,u^4u_xxxxx,,0.000126,,1.5464941826084493e-08,1.0,False
KdV,6,6,VB_Alg1,Diffusion,u^5u_xxxxx,,8.5e-05,,1.2886347036076181e-09,1.0,False
KdV,6,6,VB_Alg1,Diffusion,u^6u_xxxxx,,2.3e-05,,1.2120800427182357e-10,1.0,False
KdV,6,6,VB_Alg1,Diffusion,u_xxxxxx,,-0.000116,,1.0123419062804507e-09,1.0,False
KdV,6,6,VB_Alg1,Diffusion,uu_xxxxxx,,-0.000649,,5.416080312911106e-09,1.0,False
KdV,6,6,VB_Alg1,Diffusion,u^2u_xxxxxx,,0.000136,,4.961638534531509e-09,1.0,False
KdV,6,6,VB_Alg1,Diffusion,u^3u_xxxxxx,,7e-05,,2.2344315566536806e-09,1.0,False
KdV,6,6,VB_Alg1,Diffusion,u^4u_xxxxxx,,-3e-05,,5.373298307757525e-10,1.0,False
KdV,6,6,VB_Alg1,Diffusion,u^5u_xxxxxx,,-2e-06,,2.8358219235878512e-11,1.0,False
KdV,6,6,VB_Alg1,Diffusion,u^6u_xxxxxx,,0.0,,2.7688924827278627e-12,1.0,False
KdV,3,6,SINDy,Drift,uu_x,-1.0,-1.041344,-4.1,,,True
KdV,3,6,SINDy,Drift,u_xxx,-1.0,-0.99608,0.4,,,True
KdV,3,6,VB_Alg1,Drift,1,,0.014945,,0.00024234017221129323,1.0,False
KdV,3,6,VB_Alg1,Drift,u,,0.224829,,0.0115199256574365,1.0,False
KdV,3,6,VB_Alg1,Drift,u^2,,0.555792,,0.052907069723481276,1.0,False
KdV,3,6,VB_Alg1,Drift,u^3,,0.388659,,0.07131130127704953,1.0,False
KdV,3,6,VB_Alg1,Drift,u^4,,-0.036349,,0.02710038674060248,1.0,False
KdV,3,6,VB_Alg1,Drift,u^5,,-0.035347,,0.003994460017899037,1.0,False
KdV,3,6,VB_Alg1,Drift,u^6,,-0.003134,,0.0005611812081029515,1.0,False
KdV,3,6,VB_Alg1,Drift,uu_x,-1.0,-0.777427,22.3,0.011936607702184153,1.0,True
KdV,3,6,VB_Alg1,Drift,u^3u_x,,-0.248106,,0.009873666392180333,1.0,False
KdV,3,6,VB_Alg1,Drift,u^5u_x,,0.02704,,0.00017747107746535304,1.0,False
KdV,3,6,VB_Alg1,Drift,u_xx,,0.106089,,8.913918617779196e-05,1.0,False
KdV,3,6,VB_Alg1,Drift,uu_xx,,0.022162,,0.00013908487693327888,1.0,False
KdV,3,6,VB_Alg1,Drift,u^2u_xx,,0.02369,,0.0002669807218698188,1.0,False
KdV,3,6,VB_Alg1,Drift,u^3u_xx,,0.002117,,7.41085248202666e-05,1.0,False
KdV,3,6,VB_Alg1,Drift,u^4u_xx,,-6.7e-05,,1.3116125976317881e-05,1.0,False
KdV,3,6,VB_Alg1,Drift,u^5u_xx,,-0.000589,,1.5067755221259373e-06,1.0,False
KdV,3,6,VB_Alg1,Drift,u^6u_xx,,-0.00018,,1.1474990028704723e-08,1.0,False
KdV,3,6,VB_Alg1,Drift,u_xxx,-1.0,-0.997887,0.2,1.2282231015373769e-05,1.0,True
KdV,3,6,VB_Alg1,Drift,u^3u_xxx,,-0.006171,,1.1336051603732644e-05,0.9999999956646526,False
KdV,3,6,VB_Alg1,Drift,u^5u_xxx,,0.001122,,2.5928286996930306e-07,1.0,False
KdV,3,6,SINDy,Diffusion,1,1.0,0.976566,-2.3,,,True
KdV,3,6,SINDy,Diffusion,u^2,,0.153228,,,,False
KdV,3,6,SINDy,Diffusion,uu_x,,-0.103491,,,,False
KdV,3,6,SINDy,Diffusion,u^2u_x,,-0.204995,,,,False
KdV,3,6,SINDy,Diffusion,uu_xx,,-0.266021,,,,False
KdV,3,6,VB_Alg1,Diffusion,1,1.0,0.981651,-1.8,3.253071740727731e-05,1.0,True
KdV,3,6,VB_Alg1,Diffusion,u,,-0.23365,,0.0015498825933912364,1.0,False
KdV,3,6,VB_Alg1,Diffusion,u^2,,-0.423852,,0.0071080888503562275,1.0,False
KdV,3,6,VB_Alg1,Diffusion,u^3,,0.322067,,0.009601075629437229,1.0,False
KdV,3,6,VB_Alg1,Diffusion,u^4,,0.435333,,0.003646277975859729,1.0,False
KdV,3,6,VB_Alg1,Diffusion,u^5,,-0.016859,,0.0005383984082775789,1.0,False
KdV,3,6,VB_Alg1,Diffusion,u^6,,-0.02739,,7.542620351487207e-05,1.0,False
KdV,3,6,VB_Alg1,Diffusion,u_x,,-0.045641,,0.0002838638914977739,0.9999999999995213,False
KdV,3,6,VB_Alg1,Diffusion,uu_x,,-0.082824,,0.0024201754241912083,0.9999966426747353,False
KdV,3,6,VB_Alg1,Diffusion,u^2u_x,,0.103616,,0.0027279716339676384,1.0,False
KdV,3,6,VB_Alg1,Diffusion,u^3u_x,,0.019394,,0.0010475055194878863,0.9999958685636412,False
KdV,3,6,VB_Alg1,Diffusion,u^4u_x,,-0.147383,,0.0005313305161674377,1.0,False
KdV,3,6,VB_Alg1,Diffusion,u^5u_x,,0.006427,,2.699112951632768e-05,0.9999999999999665,False
KdV,3,6,VB_Alg1,Diffusion,u^6u_x,,0.010309,,4.363115026778908e-06,1.0,False
KdV,3,6,VB_Alg1,Diffusion,u_xx,,-0.068147,,1.2000418593214472e-05,1.0,False
KdV,3,6,VB_Alg1,Diffusion,uu_xx,,-0.287095,,1.8764089531071957e-05,1.0,False
KdV,3,6,VB_Alg1,Diffusion,u^2u_xx,,0.01338,,3.589186122100501e-05,1.0,False
KdV,3,6,VB_Alg1,Diffusion,u^3u_xx,,0.017024,,9.994603004738893e-06,1.0,False
KdV,3,6,VB_Alg1,Diffusion,u^4u_xx,,0.000948,,1.7657634840131714e-06,1.0,False
KdV,3,6,VB_Alg1,Diffusion,u^5u_xx,,-0.000858,,2.0253163710543422e-07,1.0,False
KdV,3,6,VB_Alg1,Diffusion,u^6u_xx,,-0.000165,,1.5363461056446575e-09,1.0,False
KdV,3,6,VB_Alg1,Diffusion,uu_xxx,,0.007675,,5.479618449681214e-06,0.9999990971342085,False
KdV,3,6,VB_Alg1,Diffusion,u^4u_xxx,,-0.00653,,3.559595026084967e-07,1.0,False
KdV,3,6,VB_Alg1,Diffusion,u^5u_xxx,,0.000347,,2.7917285849258628e-08,0.9999999999999134,False
KdV,3,6,VB_Alg1,Diffusion,u^6u_xxx,,0.0006,,5.521668264158951e-09,1.0,False
KdV,6,3,SINDy,Drift,uu_x,-1.0,-1.041344,-4.1,,,True
KdV,6,3,SINDy,Drift,u_xxx,-1.0,-0.99608,0.4,,,True
KdV,6,3,VB_Alg1,Drift,1,,-0.009627,,0.00017281361164682204,1.0,False
KdV,6,3,VB_Alg1,Drift,u,,-0.056636,,0.007370382720359538,1.0,False
KdV,6,3,VB_Alg1,Drift,u^2,,-0.011519,,0.03471972548180833,1.0,False
KdV,6,3,VB_Alg1,Drift,u^3,,0.031214,,0.019040755633076962,1.0,False
KdV,6,3,VB_Alg1,Drift,u_x,,-0.058151,,0.002876320258294701,0.9996842212763944,False
KdV,6,3,VB_Alg1,Drift,uu_x,-1.0,-0.972901,2.7,0.007727883175687229,1.0,True
KdV,6,3,VB_Alg1,Drift,u^2u_x,,0.10441,,0.004673051676665604,0.9999961797828871,False
KdV,6,3,VB_Alg1,Drift,u_xx,,-0.093116,,0.0015614494950655826,1.0,False
KdV,6,3,VB_Alg1,Drift,uu_xx,,-0.000148,,0.014137226193403366,1.0,False
KdV,6,3,VB_Alg1,Drift,u^2u_xx,,-0.019657,,0.002836299751369438,1.0,False
KdV,6,3,VB_Alg1,Drift,u^3u_xx,,-0.011474,,0.0010937636266257012,1.0,False
KdV,6,3,VB_Alg1,Drift,u_xxx,-1.0,-1.01365,-1.4,0.0002170132099456873,1.0,True
KdV,6,3,VB_Alg1,Drift,u^2u_xxx,,0.034836,,0.00023813067402211313,1.0,False
KdV,6,3,VB_Alg1,Drift,u^3u_xxx,,0.016025,,3.228906836028568e-05,1.0,False
KdV,6,3,VB_Alg1,Drift,u_xxxx,,-0.031064,,1.2440924728956828e-05,1.0,False
KdV,6,3,VB_Alg1,Drift,uu_xxxx,,0.002169,,7.362777068060606e-05,1.0,False
KdV,6,3,VB_Alg1,Drift,u^2u_xxxx,,-0.001107,,1.5668510980501882e-05,1.0,False
KdV,6,3,VB_Alg1,Drift,u^3u_xxxx,,-0.001462,,6.43861934662922e-06,1.0,False
KdV,6,3,VB_Alg1,Drift,u_xxxxx,,-0.000516,,2.1883416239028948e-07,0.9999882216003058,False
KdV,6,3,VB_Alg1,Drift,u^2u_xxxxx,,0.00107,,2.256701844022412e-07,1.0,False
KdV,6,3,VB_Alg1,Drift,u^3u_xxxxx,,0.000476,,3.412859791123404e-08,1.0,False
KdV,6,3,VB_Alg1,Drift,u_xxxxxx,,-0.000683,,5.2237927313229395e-09,1.0,False
KdV,6,3,VB_Alg1,Drift,uu_xxxxxx,,6.4e-05,,2.2214140677692438e-08,1.0,False
KdV,6,3,VB_Alg1,Drift,u^2u_xxxxxx,,-1e-05,,5.175437781355272e-09,1.0,False
KdV,6,3,VB_Alg1,Drift,u^3u_xxxxxx,,-3.1e-05,,1.9963305748469017e-09,1.0,False
KdV,6,3,SINDy,Diffusion,1,1.0,0.989044,-1.1,,,True
KdV,6,3,SINDy,Diffusion,uu_x,,-0.107136,,,,False
KdV,6,3,SINDy,Diffusion,u^2u_x,,-0.207637,,,,False
KdV,6,3,SINDy,Diffusion,uu_xx,,-0.273378,,,,False
KdV,6,3,VB_Alg1,Diffusion,1,1.0,0.956665,-4.3,2.3108645470976062e-05,1.0,True
KdV,6,3,VB_Alg1,Diffusion,u,,-0.26556,,0.000985887246492469,1.0,False
KdV,6,3,VB_Alg1,Diffusion,u^2,,-0.738968,,0.004653808062470088,1.0,False
KdV,6,3,VB_Alg1,Diffusion,u^3,,-0.303299,,0.0025511103152279597,1.0,False
KdV,6,3,VB_Alg1,Diffusion,u_x,,-0.167714,,0.0006591649252693848,1.0,False
KdV,6,3,VB_Alg1,Diffusion,uu_x,,-0.49369,,0.004194652830033413,1.0,False
KdV,6,3,VB_Alg1,Diffusion,u^2u_x,,-0.146905,,0.0016655278780278759,1.0,False
KdV,6,3,VB_Alg1,Diffusion,u^3u_x,,0.247143,,0.0011343512128611235,1.0,False
KdV,6,3,VB_Alg1,Diffusion,u_xx,,-0.124867,,0.00020977019497241996,1.0,False
KdV,6,3,VB_Alg1,Diffusion,uu_xx,,-0.85772,,0.0019020308077649897,1.0,False
KdV,6,3,VB_Alg1,Diffusion,u^2u_xx,,-0.049731,,0.00038963542529632446,1.0,False
KdV,6,3,VB_Alg1,Diffusion,u^3u_xx,,-0.025316,,0.0001462163829949722,1.0,False
KdV,6,3,VB_Alg1,Diffusion,u_xxx,,-0.056093,,3.501328633374355e-05,1.0,False
KdV,6,3,VB_Alg1,Diffusion,uu_xxx,,-0.025178,,0.00012778665588203096,1.0,False
KdV,6,3,VB_Alg1,Diffusion,u^2u_xxx,,0.007196,,4.437738522339485e-05,1.0,False
KdV,6,3,VB_Alg1,Diffusion,u^3u_xxx,,0.029563,,1.9148832662479514e-05,1.0,False
KdV,6,3,VB_Alg1,Diffusion,u_xxxx,,-0.004516,,1.6700844355074317e-06,1.0,False
KdV,6,3,VB_Alg1,Diffusion,uu_xxxx,,-0.03441,,9.889058768251568e-06,1.0,False
KdV,6,3,VB_Alg1,Diffusion,u^2u_xxxx,,-0.001919,,2.1512550500346782e-06,1.0,False
KdV,6,3,VB_Alg1,Diffusion,u^3u_xxxx,,-0.001322,,8.61014299649035e-07,1.0,False
KdV,6,3,VB_Alg1,Diffusion,u_xxxxx,,-0.001797,,3.33005859881207e-08,1.0,False
KdV,6,3,VB_Alg1,Diffusion,uu_xxxxx,,-0.000665,,1.0793125750472378e-07,1.0,False
KdV,6,3,VB_Alg1,Diffusion,u^2u_xxxxx,,0.000503,,3.62348858769602e-08,1.0,False
KdV,6,3,VB_Alg1,Diffusion,u^3u_xxxxx,,0.000745,,1.3528432939434121e-08,1.0,False
KdV,6,3,VB_Alg1,Diffusion,u_xxxxxx,,-8.1e-05,,7.003953108390919e-10,1.0,False
KdV,6,3,VB_Alg1,Diffusion,uu_xxxxxx,,-0.000482,,2.979330441397013e-09,1.0,False
KdV,6,3,VB_Alg1,Diffusion,u^2u_xxxxxx,,-1.9e-05,,7.077437136689476e-10,1.0,False
KdV,6,3,VB_Alg1,Diffusion,u^3u_xxxxxx,,-1.5e-05,,2.6702354372132596e-10,1.0,False
KdV,3,3,SINDy,Drift,uu_x,-1.0,-1.041344,-4.1,,,True
KdV,3,3,SINDy,Drift,u_xxx,-1.0,-0.99608,0.4,,,True
KdV,3,3,VB_Alg2,Drift,1,,-0.000761,,7.806482426483406e-06,1.0,False
KdV,3,3,VB_Alg2,Drift,uu_x,-1.0,-1.03063,-3.1,0.0023987887467238765,1.0,True
KdV,3,3,VB_Alg2,Drift,u_xx,,0.100702,,4.262305053816857e-05,1.0,False
KdV,3,3,VB_Alg2,Drift,u_xxx,-1.0,-0.996304,0.4,1.2100228840338488e-05,1.0,True
KdV,3,3,VB_Alg1,Drift,1,,0.027571,,8.240057495905809e-05,1.0,False
KdV,3,3,VB_Alg1,Drift,u,,0.230393,,0.003279439734457139,1.0,False
KdV,3,3,VB_Alg1,Drift,u^2,,0.434105,,0.016069807129271516,1.0,False
KdV,3,3,VB_Alg1,Drift,u^3,,0.267264,,0.01332618747950977,1.0,False
KdV,3,3,VB_Alg1,Drift,uu_x,-1.0,-0.873186,12.7,0.006181998862886758,1.0,True
KdV,3,3,VB_Alg1,Drift,u^3u_x,,-0.082382,,0.0009312192966433704,0.9997112962744968,False
KdV,3,3,VB_Alg1,Drift,u_xx,,0.107994,,7.421868530445086e-05,1.0,False
KdV,3,3,VB_Alg1,Drift,uu_xx,,0.021899,,3.797989055852057e-05,1.0,False
KdV,3,3,VB_Alg1,Drift,u^2u_xx,,0.019539,,6.141526691444559e-05,1.0,False
KdV,3,3,VB_Alg1,Drift,u_xxx,-1.0,-0.9973,0.3,1.2151108669539294e-05,1.0,True
KdV,3,3,SINDy,Diffusion,1,1.0,0.989044,-1.1,,,True
KdV,3,3,SINDy,Diffusion,uu_x,,-0.107136,,,,False
KdV,3,3,SINDy,Diffusion,u^2u_x,,-0.207637,,,,False
KdV,3,3,SINDy,Diffusion,uu_xx,,-0.273378,,,,False
KdV,3,3,VB_Alg2,Diffusion,1,1.0,0.97509,-2.5,9.022795378248139e-06,1.0,True
KdV,3,3,VB_Alg2,Diffusion,u^3,,-0.085322,,1.3177720293824622e-05,1.0,False
KdV,3,3,VB_Alg2,Diffusion,u_x,,0.042141,,0.00014376248947740045,0.9999999999637499,False
KdV,3,3,VB_Alg2,Diffusion,u^2u_x,,-0.278814,,0.0003371790119821663,1.0,False
KdV,3,3,VB_Alg2,Diffusion,u_xx,,-0.06279,,6.597017527936739e-06,1.0,False
KdV,3,3,VB_Alg2,Diffusion,uu_xx,,-0.27402,,3.5119350242485945e-07,1.0,False
KdV,3,3,VB_Alg2,Diffusion,u^3u_xx,,0.001044,,3.546205244743348e-08,1.0,False
KdV,3,3,VB_Alg2,Diffusion,uu_xxx,,0.00977,,2.278875795195192e-06,0.9999999999750235,False
KdV,3,3,VB_Alg2,Diffusion,u^2u_xxx,,-0.011663,,1.3471702695709062e-06,1.0,False
KdV,3,3,VB_Alg1,Diffusion,1,1.0,0.973883,-2.6,1.4986953973178707e-05,1.0,True
KdV,3,3,VB_Alg1,Diffusion,u,,-0.024851,,0.00045444686408380533,1.0,False
KdV,3,3,VB_Alg1,Diffusion,u^2,,-0.071898,,0.0022515504479680526,1.0,False
KdV,3,3,VB_Alg1,Diffusion,u^3,,-0.1372,,0.001844295070347901,1.0,False
KdV,3,3,VB_Alg1,Diffusion,uu_x,,-0.147277,,0.0013743266280685869,0.9999999999999996,False
KdV,3,3,VB_Alg1,Diffusion,u^2u_x,,-0.238005,,0.00032526336061083666,1.0,False
KdV,3,3,VB_Alg1,Diffusion,u^3u_x,,0.053024,,0.00015102176244173013,0.9999999999996956,False
KdV,3,3,VB_Alg1,Diffusion,u_xx,,-0.061876,,1.0293900120541587e-05,1.0,False
KdV,3,3,VB_Alg1,Diffusion,uu_xx,,-0.27747,,5.212335744582166e-06,1.0,False
KdV,3,3,VB_Alg1,Diffusion,u^2u_xx,,-0.003878,,8.704266292389511e-06,1.0,False
KdV,3,3,VB_Alg1,Diffusion,u^3u_xx,,0.000969,,3.749560506749336e-08,1.0,False
KdV,3,3,VB_Alg1,Diffusion,uu_xxx,,0.00877,,4.799628673541809e-06,0.9999999879424671,False
KdV,3,3,VB_Alg1,Diffusion,u^2u_xxx,,-0.01163,,1.5650163974453095e-06,1.0,False
Burgers,6,6,SINDy,Drift,uu_x,3.0,3.011672,0.4,,,True
Burgers,6,6,SINDy,Drift,u_xx,0.5,0.505219,1.0,,,True
Burgers,6,6,VB_Alg2,Drift,1,,-0.00139,,8.717595579836716e-06,1.0,False
Burgers,6,6,VB_Alg2,Drift,uu_x,3.0,3.011385,0.4,0.0026247403514970498,1.0,True
Burgers,6,6,VB_Alg2,Drift,u_xx,0.5,0.505197,1.0,9.840989446414835e-05,1.0,True
Burgers,6,6,VB_Alg1,Drift,1,,-0.016787,,0.0004970333374302851,1.0,False
Burgers,6,6,VB_Alg1,Drift,u,,-0.092019,,0.009334589070284935,1.0,False
Burgers,6,6,VB_Alg1,Drift,u^3,,-0.217019,,0.17832905415950714,1.0,False
Burgers,6,6,VB_Alg1,Drift,u^4,,-0.100143,,0.14195878343167864,1.0,False
Burgers,6,6,VB_Alg1,Drift,u^5,,0.47025,,0.1699796558321887,1.0,False
Burgers,6,6,VB_Alg1,Drift,u^6,,-0.106551,,0.0050765660435707835,1.0,False
Burgers,6,6,VB_Alg1,Drift,u_x,,0.027701,,0.002939162398298064,0.9985180053191441,False
Burgers,6,6,VB_Alg1,Drift,uu_x,3.0,2.763323,-7.9,0.06995008325415472,1.0,True
Burgers,6,6,VB_Alg1,Drift,u^2u_x,,-0.400216,,0.4487694835264594,1.0,False
Burgers,6,6,VB_Alg1,Drift,u^3u_x,,0.196664,,0.46263484141387046,1.0,False
Burgers,6,6,VB_Alg1,Drift,u^4u_x,,0.308833,,0.6540094871362983,1.0,False
Burgers,6,6,VB_Alg1,Drift,u^5u_x,,-0.127914,,0.09218541172907346,1.0,False
Burgers,6,6,VB_Alg1,Drift,u^6u_x,,0.01852,,0.0009852680368064312,1.0,False
Burgers,6,6,VB_Alg1,Drift,u_xx,0.5,0.509851,2.0,0.000533681293586846,1.0,True
Burgers,6,6,VB_Alg1,Drift,uu_xx,,-0.045852,,0.03534399000408493,1.0,False
Burgers,6,6,VB_Alg1,Drift,u^2u_xx,,-0.126044,,0.12114815144281992,1.0,False
Burgers,6,6,VB_Alg1,Drift,u^3u_xx,,-0.065039,,0.20629142415287388,1.0,False
Burgers,6,6,VB_Alg1,Drift,u^4u_xx,,0.120306,,0.15569713007123365,1.0,False
Burgers,6,6,VB_Alg1,Drift,u^5u_xx,,0.006932,,0.011383602769072914,1.0,False
Burgers,6,6,VB_Alg1,Drift,u^6u_xx,,-0.006133,,7.998893405876406e-05,1.0,False
Burgers,6,6,VB_Alg1,Drift,uu_xxx,,-0.089149,,0.00962493954958757,1.0,False
Burgers,6,6,VB_Alg1,Drift,u^2u_xxx,,-0.091521,,0.0168432281186356,1.0,False
Burgers,6,6,VB_Alg1,Drift,u^3u_xxx,,0.021177,,0.045204173378610005,1.0,False
Burgers,6,6,VB_Alg1,Drift,u^4u_xxx,,0.086393,,0.03580000491486135,1.0,False
Burgers,6,6,VB_Alg1,Drift,u^5u_xxx,,-0.038948,,0.0031584003540180614,1.0,False
Burgers,6,6,VB_Alg1,Drift,u^6u_xxx,,0.004988,,2.592591571213143e-05,1.0,False
Burgers,6,6,VB_Alg1,Drift,uu_xxxx,,-0.011228,,0.0005470351770409246,1.0,False
Burgers,6,6,VB_Alg1,Drift,u^2u_xxxx,,0.002957,,0.001318671543432353,1.0,False
Burgers,6,6,VB_Alg1,Drift,u^3u_xxxx,,0.026066,,0.0023028155927871797,1.0,False
Burgers,6,6,VB_Alg1,Drift,u^4u_xxxx,,-0.031853,,0.0015865297322150203,1.0,False
Burgers,6,6,VB_Alg1,Drift,u^5u_xxxx,,0.012134,,0.00012361689901373637,1.0,False
Burgers,6,6,VB_Alg1,Drift,u^6u_xxxx,,-0.001369,,9.23835935303081e-07,1.0,False
Burgers,6,6,VB_Alg1,Drift,uu_xxxxx,,-0.002653,,1.4395660138489291e-05,1.0,False
Burgers,6,6,VB_Alg1,Drift,u^2u_xxxxx,,-0.001747,,2.4634610835028166e-05,1.0,False
Burgers,6,6,VB_Alg1,Drift,u^3u_xxxxx,,-0.003732,,7.425543216691693e-05,1.0,False
Burgers,6,6,VB_Alg1,Drift,u^4u_xxxxx,,0.005443,,4.7343234383480686e-05,1.0,False
Burgers,6,6,VB_Alg1,Drift,u^5u_xxxxx,,-0.001873,,3.5720743528506665e-06,1.0,False
Burgers,6,6,VB_Alg1,Drift,u^6u_xxxxx,,0.000204,,2.6172925917749112e-08,1.0,False
Burgers,6,6,VB_Alg1,Drift,uu_xxxxxx,,-0.000342,,3.188157582100278e-07,1.0,False
Burgers,6,6,VB_Alg1,Drift,u^2u_xxxxxx,,9.4e-05,,6.059978369649687e-07,1.0,False
Burgers,6,6,VB_Alg1,Drift,u^3u_xxxxxx,,0.001057,,1.226872352013502e-06,1.0,False
Burgers,6,6,VB_Alg1,Drift,u^4u_xxxxxx,,-0.001158,,7.785968315285244e-07,1.0,False
Burgers,6,6,VB_Alg1,Drift,u^5u_xxxxxx,,0.000372,,5.821337396232969e-08,1.0,False
Burgers,6,6,VB_Alg1,Drift,u^6u_xxxxxx,,-3.6e-05,,4.253293055852063e-10,1.0,False
Burgers,6,6,SINDy,Diffusion,1,1.0,0.987358,-1.3,,,True
Burgers,6,6,SINDy,Diffusion,u,2.0,1.984712,-0.8,,,True
Burgers,6,6,SINDy,Diffusion,u^2,1.0,1.014016,1.4,,,True
Burgers,6,6,VB_Alg2,Diffusion,1,1.0,0.977817,-2.2,1.147855936296273e-06,1.0,True
Burgers,6,6,VB_Alg2,Diffusion,u,2.0,1.960816,-2.0,6.0506186341073095e-06,1.0,True
Burgers,6,6,VB_Alg2,Diffusion,u^2,1.0,0.989352,-1.1,1.219263156816844e-05,1.0,True
Burgers,6,6,VB_Alg2,Diffusion,uu_xxxx,,0.000588,,2.917276126101899e-09,1.0,False
Burgers,6,6,VB_Alg1,Diffusion,1,1.0,0.984018,-1.6,6.803521856345089e-06,1.0,True
Burgers,6,6,VB_Alg1,Diffusion,u,2.0,1.943731,-2.8,0.0001209554136637003,1.0,True
Burgers,6,6,VB_Alg1,Diffusion,u^2,1.0,0.959782,-4.0,0.0006600790343218961,1.0,True
Burgers,6,6,VB_Alg1,Diffusion,u^3,,0.084429,,0.002214379137718533,1.0,False
Burgers,6,6,VB_Alg1,Diffusion,u^4,,0.058948,,0.0032967888508743906,1.0,False
Burgers,6,6,VB_Alg1,Diffusion,u^5,,-0.096062,,0.0020273962890609235,1.0,False
Burgers,6,6,VB_Alg1,Diffusion,u^6,,0.015404,,5.3676291890437126e-05,1.0,False
Burgers,6,6,VB_Alg1,Diffusion,u_x,,0.007405,,5.087652264109855e-05,0.9999999999930813,False
Burgers,6,6,VB_Alg1,Diffusion,uu_x,,0.054133,,0.000893431731223357,1.0,False
Burgers,6,6,VB_Alg1,Diffusion,u^2u_x,,-0.032007,,0.0053559462030163705,1.0,False
Burgers,6,6,VB_Alg1,Diffusion,u^3u_x,,-0.136886,,0.0067555446440862674,1.0,False
Burgers,6,6,VB_Alg1,Diffusion,u^4u_x,,0.011995,,0.008333768638520709,1.0,False
Burgers,6,6,VB_Alg1,Diffusion,u^5u_x,,0.025423,,0.001020534311348184,1.0,False
Burgers,6,6,VB_Alg1,Diffusion,u^6u_x,,-0.003749,,1.0274582109144841e-05,1.0,False
Burgers,6,6,VB_Alg1,Diffusion,u_xx,,0.003532,,4.257927188170719e-05,0.9999999999999378,False
Burgers,6,6,VB_Alg1,Diffusion,uu_xx,,-0.017013,,0.0005232074572212818,1.0,False
Burgers,6,6,VB_Alg1,Diffusion,u^2u_xx,,0.030547,,0.002350453760532973,1.0,False
Burgers,6,6,VB_Alg1,Diffusion,u^3u_xx,,0.041693,,0.003801019092515069,1.0,False
Burgers,6,6,VB_Alg1,Diffusion,u^4u_xx,,-0.076681,,0.0020291032442572533,1.0,False
Burgers,6,6,VB_Alg1,Diffusion,u^5u_xx,,0.019275,,0.00013116465769355814,1.0,False
Burgers,6,6,VB_Alg1,Diffusion,u^6u_xx,,-0.001049,,8.673708241099827e-07,1.0,False
Burgers,6,6,VB_Alg1,Diffusion,u_xxx,,0.000417,,7.660602137921399e-06,0.9999998099937611,False
Burgers,6,6,VB_Alg1,Diffusion,uu_xxx,,0.002396,,0.00011756366644521687,1.0,False
Burgers,6,6,VB_Alg1,Diffusion,u^2u_xxx,,-0.019881,,0.00030918430912967016,1.0,False
Burgers,6,6,VB_Alg1,Diffusion,u^3u_xxx,,-0.016755,,0.0006341867341875451,1.0,False
Burgers,6,6,VB_Alg1,Diffusion,u^4u_xxx,,0.006282,,0.0004870889631236776,1.0,False
Burgers,6,6,VB_Alg1,Diffusion,u^5u_xxx,,0.002889,,3.910246126986586e-05,1.0,False
Burgers,6,6,VB_Alg1,Diffusion,u^6u_xxx,,-0.000585,,2.9752172660168646e-07,1.0,False
Burgers,6,6,VB_Alg1,Diffusion,u_xxxx,,0.000579,,6.755939167738576e-07,1.0,False
Burgers,6,6,VB_Alg1,Diffusion,uu_xxxx,,-0.000432,,6.892287008973252e-06,1.0,False
Burgers,6,6,VB_Alg1,Diffusion,u^2u_xxxx,,0.002688,,2.52552745417441e-05,1.0,False
Burgers,6,6,VB_Alg1,Diffusion,u^3u_xxxx,,5.3e-05,,3.8310486040171636e-05,1.0,False
Burgers,6,6,VB_Alg1,Diffusion,u^4u_xxxx,,-0.003548,,2.0006708760953405e-05,1.0,False
Burgers,6,6,VB_Alg1,Diffusion,u^5u_xxxx,,0.001031,,1.4060652416189316e-06,1.0,False
Burgers,6,6,VB_Alg1,Diffusion,u^6u_xxxx,,-5.7e-05,,9.980484066079745e-09,1.0,False
Burgers,6,6,VB_Alg1,Diffusion,u_xxxxx,,0.000114,,1.3615590271547102e-08,0.9999152567531371,False
Burgers,6,6,VB_Alg1,Diffusion,uu_xxxxx,,-0.000265,,1.720525896398227e-07,1.0,False
Burgers,6,6,VB_Alg1,Diffusion,u^2u_xxxxx,,-0.000839,,4.4950954484235107e-07,1.0,False
Burgers,6,6,VB_Alg1,Diffusion,u^3u_xxxxx,,0.000428,,9.970850895370805e-07,1.0,False
Burgers,6,6,VB_Alg1,Diffusion,u^4u_xxxxx,,-0.000373,,6.160816248194045e-07,1.0,False
Burgers,6,6,VB_Alg1,Diffusion,u^5u_xxxxx,,0.000202,,4.384413629464702e-08,1.0,False
Burgers,6,6,VB_Alg1,Diffusion,u^6u_xxxxx,,-2.6e-05,,3.034496944305884e-10,1.0,False
Burgers,6,6,VB_Alg1,Diffusion,u_xxxxxx,,1.8e-05,,3.575563451053589e-10,1.0,False
Burgers,6,6,VB_Alg1,Diffusion,uu_xxxxxx,,-1e-06,,3.664819955574494e-09,1.0,False
Burgers,6,6,VB_Alg1,Diffusion,u^2u_xxxxxx,,3.8e-05,,1.1250533115332216e-08,1.0,False
Burgers,6,6,VB_Alg1,Diffusion,u^3u_xxxxxx,,-3e-05,,1.8262766843003758e-08,1.0,False
Burgers,6,6,VB_Alg1,Diffusion,u^4u_xxxxxx,,-3.6e-05,,9.294809867461066e-09,1.0,False
Burgers,6,6,VB_Alg1,Diffusion,u^5u_xxxxxx,,1.3e-05,,6.452385030453486e-10,1.0,False
Burgers,6,6,VB_Alg1,Diffusion,u^6u_xxxxxx,,-1e-06,,4.5372895346957496e-12,1.0,False
Burgers,3,3,SINDy,Drift,uu_x,3.0,3.011672,0.4,,,True
Burgers,3,3,SINDy,Drift,u_xx,0.5,0.505219,1.0,,,True
Burgers,3,3,VB_Alg2,Drift,1,,-0.00139,,8.717595579838314e-06,1.0,False
Burgers,3,3,VB_Alg2,Drift,uu_x,3.0,3.011385,0.4,0.002624740351497531,1.0,True
Burgers,3,3,VB_Alg2,Drift,u_xx,0.5,0.505197,1.0,9.840989446416639e-05,1.0,True
Burgers,3,3,VB_Alg1,Drift,1,,-0.008681,,0.00014342047734593096,1.0,False
Burgers,3,3,VB_Alg1,Drift,uu_x,3.0,3.022028,0.7,0.0038673960130331175,1.0,True
Burgers,3,3,VB_Alg1,Drift,u_xx,0.5,0.497072,-0.6,0.0001370111587631776,1.0,True
Burgers,3,3,VB_Alg1,Drift,uu_xx,,-0.01819,,0.0003091641036757613,1.0,False
Burgers,3,3,VB_Alg1,Drift,u^2u_xx,,0.013209,,7.786425309601894e-05,0.9999999998075209,False
Burgers,3,3,SINDy,Diffusion,1,1.0,0.987358,-1.3,,,True
Burgers,3,3,SINDy,Diffusion,u,2.0,1.984712,-0.8,,,True
Burgers,3,3,SINDy,Diffusion,u^2,1.0,1.014016,1.4,,,True
Burgers,3,3,VB_Alg2,Diffusion,1,1.0,0.982016,-1.8,8.794909220551676e-07,1.0,True
Burgers,3,3,VB_Alg2,Diffusion,u,2.0,1.960125,-2.0,6.732699903416898e-06,1.0,True
Burgers,3,3,VB_Alg2,Diffusion,u^2,1.0,0.982892,-1.7,1.703883954033397e-05,1.0,True
Burgers,3,3,VB_Alg2,Diffusion,u^3,,0.015662,,1.7446557910231765e-05,1.0,False
Burgers,3,3,VB_Alg2,Diffusion,uu_xx,,-0.009342,,1.969593508245939e-06,1.0,False
Burgers,3,3,VB_Alg1,Diffusion,1,1.0,0.983648,-1.6,1.3923002609107509e-06,1.0,True
Burgers,3,3,VB_Alg1,Diffusion,u,2.0,1.95844,-2.1,1.2312836677197168e-05,1.0,True
Burgers,3,3,VB_Alg1,Diffusion,u^2,1.0,0.978201,-2.2,3.325250142309355e-05,1.0,True
Burgers,3,3,VB_Alg1,Diffusion,u^3,,-5e-06,,5.302707104271765e-05,0.9999472408643273,False
Burgers,3,3,VB_Alg1,Diffusion,uu_xx,,-0.005713,,3.158182134182293e-06,1.0,False
Burgers,3,3,VB_Alg1,Diffusion,u^2u_xx,,-0.007757,,5.304720256107985e-06,1.0,False
Burgers,3,3,VB_Alg1,Diffusion,u^3u_xx,,0.001233,,1.3377178230072668e-07,1.0,False
Burgers,3,3,VB_Alg1,Diffusion,u_xxx,,-0.00183,,2.8562581036729656e-07,0.995707105763372,False
